prefecture_code,prefecture_name,municipality_code,municipality_name,ward_name,facility_name,formal_name,facility_category,postal_code,address,latitude,longitude,homepage_url,multipurpose_toilet,wheelchair_toilet,toilet_floor,unisex_toilet_count,male_toilet_count,female_toilet_count,washlet,adult_bed,ostomate,voice_guidance,baby_bed,baby_chair,child_toilet,child_chair,flush_type,emergency_call_type,male_urinal_with_rail,male_western_toilet,female_western_toilet,male_baby_bed,female_baby_bed,male_baby_chair,female_baby_chair,entrance_step,stroller_rental,nursing_space,diaper_changing_space,kids_room,source_dataset,source_name,source_url,source_updated_at,source_row,attribute_note,note
42,長崎県,42201,長崎市,,長崎県庁（行政棟・議会棟）,,,,,,,,,,,,,,,,yes,,,,,,,,,,,,,,,,,,,,ostomate_toilet_list,長崎県 オストメイト対応トイレ県内設置場所一覧,https://www.pref.nagasaki.jp/uploads/2025/06/1750322278.pdf,,1,,
42,長崎県,42201,長崎市,,長崎振興局保健部（西彼保健所）,,,,,,,,,,,,,,,,yes,,,,,,,,,,,,,,,,,,,,ostomate_toilet_list,長崎県 オストメイト対応トイレ県内設置場所一覧,https://www.pref.nagasaki.jp/uploads/2025/06/1750322278.pdf,,2,,
42,長崎県,42201,長崎市,,長崎こども・女性・障害者支援センター,,,,,,,,,,,,,,,,yes,,,,,,,,,,,,,,,,,,,,ostomate_toilet_list,長崎県 オストメイト対応トイレ県内設置場所一覧,https://www.pref.nagasaki.jp/uploads/2025/06/1750322278.pdf,,3,,
42,長崎県,42201,長崎市,,出島交流会館,,,,,,,,,,,,,,,,yes,,,,,,,,,,,,,,,,,,,,ostomate_toilet_list,長崎県 オストメイト対応トイレ県内設置場所一覧,https://www.pref.nagasaki.jp/uploads/2025/06/1750322278.pdf,,4,,
42,長崎県,42201,長崎市,,大波止ビル,,,,,,,,,,,,,,,,yes,,,,,,,,,,,,,,,,,,,,ostomate_toilet_list,長崎県 オストメイト対応トイレ県内設置場所一覧,https://www.pref.nagasaki.jp/uploads/2025/06/1750322278.pdf,,5,,
42,長崎県,42201,長崎市,,長崎県総合福祉センター県棟２階,,,,,,,,,,,,,,,,yes,,,,,,,,,,,,,,,,,,,,ostomate_toilet_list,長崎県 オストメイト対応トイレ県内設置場所一覧,https://www.pref.nagasaki.jp/uploads/2025/06/1750322278.pdf,,6,,
42,長崎県,42201,長崎市,,長崎県美術館,,,,,,,,,,,,,,,,yes,,,,,,,,,,,,,,,,,,,,ostomate_toilet_list,長崎県 オストメイト対応トイレ県内設置場所一覧,https://www.pref.nagasaki.jp/uploads/2025/06/1750322278.pdf,,7,,
42,長崎県,42201,長崎市,,長崎歴史文化博物館,,,,,,,,,,,,,,,,yes,,,,,,,,,,,,,,,,,,,,ostomate_toilet_list,長崎県 オストメイト対応トイレ県内設置場所一覧,https://www.pref.nagasaki.jp/uploads/2025/06/1750322278.pdf,,8,,
42,長崎県,42201,長崎市,,長崎港ターミナル,,,,,,,,,,,,,,,,yes,,,,,,,,,,,,,,,,,,,,ostomate_toilet_list,長崎県 オストメイト対応トイレ県内設置場所一覧,https://www.pref.nagasaki.jp/uploads/2025/06/1750322278.pdf,,9,,
42,長崎県,42201,長崎市,,長崎港松ヶ枝国際ターミナル,,,,,,,,,,,,,,,,yes,,,,,,,,,,,,,,,,,,,,ostomate_toilet_list,長崎県 オストメイト対応トイレ県内設置場所一覧,https://www.pref.nagasaki.jp/uploads/2025/06/1750322278.pdf,,10,,
42,長崎県,42201,長崎市,,長崎市池島開発総合センター,,,,,,,,,,,,,,,,yes,,,,,,,,,,,,,,,,,,,,ostomate_toilet_list,長崎県 オストメイト対応トイレ県内設置場所一覧,https://www.pref.nagasaki.jp/uploads/2025/06/1750322278.pdf,,11,,
42,長崎県,42201,長崎市,,長崎市民会館（中央公民館）,,,,,,,,,,,,,,,,yes,,,,,,,,,,,,,,,,,,,,ostomate_toilet_list,長崎県 オストメイト対応トイレ県内設置場所一覧,https://www.pref.nagasaki.jp/uploads/2025/06/1750322278.pdf,,12,,
42,長崎県,42201,長崎市,,長崎市滑石公民館,,,,,,,,,,,,,,,,yes,,,,,,,,,,,,,,,,,,,,ostomate_toilet_list,長崎県 オストメイト対応トイレ県内設置場所一覧,https://www.pref.nagasaki.jp/uploads/2025/06/1750322278.pdf,,13,,
42,長崎県,42201,長崎市,,長崎市三重地区市民センター,,,,,,,,,,,,,,,,yes,,,,,,,,,,,,,,,,,,,,ostomate_toilet_list,長崎県 オストメイト対応トイレ県内設置場所一覧,https://www.pref.nagasaki.jp/uploads/2025/06/1750322278.pdf,,14,,
42,長崎県,42201,長崎市,,長崎市南部市民センター,,,,,,,,,,,,,,,,yes,,,,,,,,,,,,,,,,,,,,ostomate_toilet_list,長崎県 オストメイト対応トイレ県内設置場所一覧,https://www.pref.nagasaki.jp/uploads/2025/06/1750322278.pdf,,15,,
42,長崎県,42201,長崎市,,長崎市立図書館（新興善メモリアル）,,,,,,,,,,,,,,,,yes,,,,,,,,,,,,,,,,,,,,ostomate_toilet_list,長崎県 オストメイト対応トイレ県内設置場所一覧,https://www.pref.nagasaki.jp/uploads/2025/06/1750322278.pdf,,16,,
42,長崎県,42201,長崎市,,長崎市立図書館（クロスロード）,,,,,,,,,,,,,,,,yes,,,,,,,,,,,,,,,,,,,,ostomate_toilet_list,長崎県 オストメイト対応トイレ県内設置場所一覧,https://www.pref.nagasaki.jp/uploads/2025/06/1750322278.pdf,,17,,
42,長崎県,42201,長崎市,,長崎市立図書館（生涯学習エリア）,,,,,,,,,,,,,,,,yes,,,,,,,,,,,,,,,,,,,,ostomate_toilet_list,長崎県 オストメイト対応トイレ県内設置場所一覧,https://www.pref.nagasaki.jp/uploads/2025/06/1750322278.pdf,,18,,
42,長崎県,42201,長崎市,,長崎ブリックホール,,,,,,,,,,,,,,,,yes,,,,,,,,,,,,,,,,,,,,ostomate_toilet_list,長崎県 オストメイト対応トイレ県内設置場所一覧,https://www.pref.nagasaki.jp/uploads/2025/06/1750322278.pdf,,19,,
42,長崎県,42201,長崎市,,ながさき市民生活便利館 メルカつきまち,,,,,,,,,,,,,,,,yes,,,,,,,,,,,,,,,,,,,,ostomate_toilet_list,長崎県 オストメイト対応トイレ県内設置場所一覧,https://www.pref.nagasaki.jp/uploads/2025/06/1750322278.pdf,,20,,（市民生活プラザホール・会議室）
42,長崎県,42201,長崎市,,長崎市総合運動公園（かきどまり陸上競技場）,,,,,,,,,,,,,,,,yes,,,,,,,,,,,,,,,,,,,,ostomate_toilet_list,長崎県 オストメイト対応トイレ県内設置場所一覧,https://www.pref.nagasaki.jp/uploads/2025/06/1750322278.pdf,,21,,
42,長崎県,42201,長崎市,,長崎原爆資料館,,,,,,,,,,,,,,,,yes,,,,,,,,,,,,,,,,,,,,ostomate_toilet_list,長崎県 オストメイト対応トイレ県内設置場所一覧,https://www.pref.nagasaki.jp/uploads/2025/06/1750322278.pdf,,22,,
42,長崎県,42201,長崎市,,長崎市遠藤周作文学館,,,,,,,,,,,,,,,,yes,,,,,,,,,,,,,,,,,,,,ostomate_toilet_list,長崎県 オストメイト対応トイレ県内設置場所一覧,https://www.pref.nagasaki.jp/uploads/2025/06/1750322278.pdf,,23,,
42,長崎県,42201,長崎市,,グラバー園,,,,,,,,,,,,,,,,yes,,,,,,,,,,,,,,,,,,,,ostomate_toilet_list,長崎県 オストメイト対応トイレ県内設置場所一覧,https://www.pref.nagasaki.jp/uploads/2025/06/1750322278.pdf,,24,,
42,長崎県,42201,長崎市,,出島ヘトル部屋,,,,,,,,,,,,,,,,yes,,,,,,,,,,,,,,,,,,,,ostomate_toilet_list,長崎県 オストメイト対応トイレ県内設置場所一覧,https://www.pref.nagasaki.jp/uploads/2025/06/1750322278.pdf,,25,,
42,長崎県,42201,長崎市,,長崎市障害福祉センター（ハートセンター）,,,,,,,,,,,,,,,,yes,,,,,,,,,,,,,,,,,,,,ostomate_toilet_list,長崎県 オストメイト対応トイレ県内設置場所一覧,https://www.pref.nagasaki.jp/uploads/2025/06/1750322278.pdf,,26,,
42,長崎県,42201,長崎市,,長崎ペンギン水族館,,,,,,,,,,,,,,,,yes,,,,,,,,,,,,,,,,,,,,ostomate_toilet_list,長崎県 オストメイト対応トイレ県内設置場所一覧,https://www.pref.nagasaki.jp/uploads/2025/06/1750322278.pdf,,27,,
42,長崎県,42201,長崎市,,長崎市中央橋公衆便所,,,,,,,,,,,,,,,,yes,,,,,,,,,,,,,,,,,,,,ostomate_toilet_list,長崎県 オストメイト対応トイレ県内設置場所一覧,https://www.pref.nagasaki.jp/uploads/2025/06/1750322278.pdf,,28,,
42,長崎県,42201,長崎市,,長崎市中島川（安全安心センター）公園公衆便所,,,,,,,,,,,,,,,,yes,,,,,,,,,,,,,,,,,,,,ostomate_toilet_list,長崎県 オストメイト対応トイレ県内設置場所一覧,https://www.pref.nagasaki.jp/uploads/2025/06/1750322278.pdf,,29,,
42,長崎県,42201,長崎市,,長崎市民活動センター「ランタナ」,,,,,,,,,,,,,,,,yes,,,,,,,,,,,,,,,,,,,,ostomate_toilet_list,長崎県 オストメイト対応トイレ県内設置場所一覧,https://www.pref.nagasaki.jp/uploads/2025/06/1750322278.pdf,,30,,
42,長崎県,42201,長崎市,,長崎市稲佐山公園 山頂展望台（地下）,,,,,,,,,,,,,,,,yes,,,,,,,,,,,,,,,,,,,,ostomate_toilet_list,長崎県 オストメイト対応トイレ県内設置場所一覧,https://www.pref.nagasaki.jp/uploads/2025/06/1750322278.pdf,,31,,
42,長崎県,42201,長崎市,,長崎税務署,,,,,,,,,,,,,,,,yes,,,,,,,,,,,,,,,,,,,,ostomate_toilet_list,長崎県 オストメイト対応トイレ県内設置場所一覧,https://www.pref.nagasaki.jp/uploads/2025/06/1750322278.pdf,,32,,
42,長崎県,42201,長崎市,,ＪＲ長崎駅ホーム内,,,,,,,,,,,,,,,,yes,,,,,,,,,,,,,,,,,,,,ostomate_toilet_list,長崎県 オストメイト対応トイレ県内設置場所一覧,https://www.pref.nagasaki.jp/uploads/2025/06/1750322278.pdf,,33,,
42,長崎県,42201,長崎市,,ＪＲ浦上駅ホーム内,,,,,,,,,,,,,,,,yes,,,,,,,,,,,,,,,,,,,,ostomate_toilet_list,長崎県 オストメイト対応トイレ県内設置場所一覧,https://www.pref.nagasaki.jp/uploads/2025/06/1750322278.pdf,,34,,
42,長崎県,42201,長崎市,,ホームプラザ ナフコフレスポ福田店,,,,,,,,,,,,,,,,yes,,,,,,,,,,,,,,,,,,,,ostomate_toilet_list,長崎県 オストメイト対応トイレ県内設置場所一覧,https://www.pref.nagasaki.jp/uploads/2025/06/1750322278.pdf,,35,,
42,長崎県,42201,長崎市,,フレスポ深堀,,,,,,,,,,,,,,,,yes,,,,,,,,,,,,,,,,,,,,ostomate_toilet_list,長崎県 オストメイト対応トイレ県内設置場所一覧,https://www.pref.nagasaki.jp/uploads/2025/06/1750322278.pdf,,36,,
42,長崎県,42201,長崎市,,アミュプラザ長崎,,,,,,,,,,,,,,,,yes,,,,,,,,,,,,,,,,,,,,ostomate_toilet_list,長崎県 オストメイト対応トイレ県内設置場所一覧,https://www.pref.nagasaki.jp/uploads/2025/06/1750322278.pdf,,37,,
42,長崎県,42201,長崎市,,みらい長崎ココウォーク,,,,,,,,,,,,,,,,yes,,,,,,,,,,,,,,,,,,,,ostomate_toilet_list,長崎県 オストメイト対応トイレ県内設置場所一覧,https://www.pref.nagasaki.jp/uploads/2025/06/1750322278.pdf,,38,,
42,長崎県,42201,長崎市,,夢彩都,,,,,,,,,,,,,,,,yes,,,,,,,,,,,,,,,,,,,,ostomate_toilet_list,長崎県 オストメイト対応トイレ県内設置場所一覧,https://www.pref.nagasaki.jp/uploads/2025/06/1750322278.pdf,,39,,
42,長崎県,42201,長崎市,,道の駅 夕陽が丘そとめ,,,,,,,,,,,,,,,,yes,,,,,,,,,,,,,,,,,,,,ostomate_toilet_list,長崎県 オストメイト対応トイレ県内設置場所一覧,https://www.pref.nagasaki.jp/uploads/2025/06/1750322278.pdf,,40,,
42,長崎県,42201,長崎市,,稲佐山観光ホテル,,,,,,,,,,,,,,,,yes,,,,,,,,,,,,,,,,,,,,ostomate_toilet_list,長崎県 オストメイト対応トイレ県内設置場所一覧,https://www.pref.nagasaki.jp/uploads/2025/06/1750322278.pdf,,41,,
42,長崎県,42201,長崎市,,ルークプラザホテル,,,,,,,,,,,,,,,,yes,,,,,,,,,,,,,,,,,,,,ostomate_toilet_list,長崎県 オストメイト対応トイレ県内設置場所一覧,https://www.pref.nagasaki.jp/uploads/2025/06/1750322278.pdf,,42,,
42,長崎県,42201,長崎市,,ガーデンテラス長崎ホテル&リゾート,,,,,,,,,,,,,,,,yes,,,,,,,,,,,,,,,,,,,,ostomate_toilet_list,長崎県 オストメイト対応トイレ県内設置場所一覧,https://www.pref.nagasaki.jp/uploads/2025/06/1750322278.pdf,,43,,
42,長崎県,42201,長崎市,,東部地区にこにこセンター１階（東長崎地域センター）,,,,,,,,,,,,,,,,yes,,,,,,,,,,,,,,,,,,,,ostomate_toilet_list,長崎県 オストメイト対応トイレ県内設置場所一覧,https://www.pref.nagasaki.jp/uploads/2025/06/1750322278.pdf,,44,,
42,長崎県,42201,長崎市,,東部地区にこにこセンター２階（東公民館）,,,,,,,,,,,,,,,,yes,,,,,,,,,,,,,,,,,,,,ostomate_toilet_list,長崎県 オストメイト対応トイレ県内設置場所一覧,https://www.pref.nagasaki.jp/uploads/2025/06/1750322278.pdf,,45,,
42,長崎県,42201,長崎市,,東部地区にこにこセンター３階（東公民館）,,,,,,,,,,,,,,,,yes,,,,,,,,,,,,,,,,,,,,ostomate_toilet_list,長崎県 オストメイト対応トイレ県内設置場所一覧,https://www.pref.nagasaki.jp/uploads/2025/06/1750322278.pdf,,46,,
42,長崎県,42201,長崎市,,外海公民館,,,,,,,,,,,,,,,,yes,,,,,,,,,,,,,,,,,,,,ostomate_toilet_list,長崎県 オストメイト対応トイレ県内設置場所一覧,https://www.pref.nagasaki.jp/uploads/2025/06/1750322278.pdf,,47,,
42,長崎県,42201,長崎市,,黒崎地区公民館 １階,,,,,,,,,,,,,,,,yes,,,,,,,,,,,,,,,,,,,,ostomate_toilet_list,長崎県 オストメイト対応トイレ県内設置場所一覧,https://www.pref.nagasaki.jp/uploads/2025/06/1750322278.pdf,,48,,
42,長崎県,42201,長崎市,,長崎市上長崎地区ふれあいセンター １階,,,,,,,,,,,,,,,,yes,,,,,,,,,,,,,,,,,,,,ostomate_toilet_list,長崎県 オストメイト対応トイレ県内設置場所一覧,https://www.pref.nagasaki.jp/uploads/2025/06/1750322278.pdf,,49,,
42,長崎県,42201,長崎市,,長崎市営松が枝町第２駐車場 １階,,,,,,,,,,,,,,,,yes,,,,,,,,,,,,,,,,,,,,ostomate_toilet_list,長崎県 オストメイト対応トイレ県内設置場所一覧,https://www.pref.nagasaki.jp/uploads/2025/06/1750322278.pdf,,50,,
42,長崎県,42201,長崎市,,長崎市丸山公園,,,,,,,,,,,,,,,,yes,,,,,,,,,,,,,,,,,,,,ostomate_toilet_list,長崎県 オストメイト対応トイレ県内設置場所一覧,https://www.pref.nagasaki.jp/uploads/2025/06/1750322278.pdf,,51,,
42,長崎県,42201,長崎市,,長崎県小江原射撃場,,,,,,,,,,,,,,,,yes,,,,,,,,,,,,,,,,,,,,ostomate_toilet_list,長崎県 オストメイト対応トイレ県内設置場所一覧,https://www.pref.nagasaki.jp/uploads/2025/06/1750322278.pdf,,52,,
42,長崎県,42201,長崎市,,長崎市中島川公園（出島対岸）,,,,,,,,,,,,,,,,yes,,,,,,,,,,,,,,,,,,,,ostomate_toilet_list,長崎県 オストメイト対応トイレ県内設置場所一覧,https://www.pref.nagasaki.jp/uploads/2025/06/1750322278.pdf,,53,,
42,長崎県,42201,長崎市,,大野地区駐車場トイレ,,,,,,,,,,,,,,,,yes,,,,,,,,,,,,,,,,,,,,ostomate_toilet_list,長崎県 オストメイト対応トイレ県内設置場所一覧,https://www.pref.nagasaki.jp/uploads/2025/06/1750322278.pdf,,54,,
42,長崎県,42201,長崎市,,出津地区駐車場トイレ,,,,,,,,,,,,,,,,yes,,,,,,,,,,,,,,,,,,,,ostomate_toilet_list,長崎県 オストメイト対応トイレ県内設置場所一覧,https://www.pref.nagasaki.jp/uploads/2025/06/1750322278.pdf,,55,,
42,長崎県,42201,長崎市,,長崎市湊公園公衆便所,,,,,,,,,,,,,,,,yes,,,,,,,,,,,,,,,,,,,,ostomate_toilet_list,長崎県 オストメイト対応トイレ県内設置場所一覧,https://www.pref.nagasaki.jp/uploads/2025/06/1750322278.pdf,,56,,
42,長崎県,42201,長崎市,,長崎漁港尾上地区防災緑地,,,,,,,,,,,,,,,,yes,,,,,,,,,,,,,,,,,,,,ostomate_toilet_list,長崎県 オストメイト対応トイレ県内設置場所一覧,https://www.pref.nagasaki.jp/uploads/2025/06/1750322278.pdf,,57,,
42,長崎県,42201,長崎市,,長崎県警察本部庁舎 １階,,,,,,,,,,,,,,,,yes,,,,,,,,,,,,,,,,,,,,ostomate_toilet_list,長崎県 オストメイト対応トイレ県内設置場所一覧,https://www.pref.nagasaki.jp/uploads/2025/06/1750322278.pdf,,58,,
42,長崎県,42201,長崎市,,長崎県警察本部庁舎 ３階,,,,,,,,,,,,,,,,yes,,,,,,,,,,,,,,,,,,,,ostomate_toilet_list,長崎県 オストメイト対応トイレ県内設置場所一覧,https://www.pref.nagasaki.jp/uploads/2025/06/1750322278.pdf,,59,,
42,長崎県,42201,長崎市,,長崎県長崎警察署 1階,,,,,,,,,,,,,,,,yes,,,,,,,,,,,,,,,,,,,,ostomate_toilet_list,長崎県 オストメイト対応トイレ県内設置場所一覧,https://www.pref.nagasaki.jp/uploads/2025/06/1750322278.pdf,,60,,
42,長崎県,42201,長崎市,,長崎市役所本館,,,,,,,,,,,,,,,,yes,,,,,,,,,,,,,,,,,,,,ostomate_toilet_list,長崎県 オストメイト対応トイレ県内設置場所一覧,https://www.pref.nagasaki.jp/uploads/2025/06/1750322278.pdf,,61,,
42,長崎県,42201,長崎市,,長崎原爆遺跡旧城山国民学校被爆校舎,,,,,,,,,,,,,,,,yes,,,,,,,,,,,,,,,,,,,,ostomate_toilet_list,長崎県 オストメイト対応トイレ県内設置場所一覧,https://www.pref.nagasaki.jp/uploads/2025/06/1750322278.pdf,,62,,
42,長崎県,42201,長崎市,,長崎市西工場,,,,,,,,,,,,,,,,yes,,,,,,,,,,,,,,,,,,,,ostomate_toilet_list,長崎県 オストメイト対応トイレ県内設置場所一覧,https://www.pref.nagasaki.jp/uploads/2025/06/1750322278.pdf,,63,,
42,長崎県,42201,長崎市,,長崎市営松が枝町駐車場,,,,,,,,,,,,,,,,yes,,,,,,,,,,,,,,,,,,,,ostomate_toilet_list,長崎県 オストメイト対応トイレ県内設置場所一覧,https://www.pref.nagasaki.jp/uploads/2025/06/1750322278.pdf,,64,,
42,長崎県,42201,長崎市,,市民神の島プール,,,,,,,,,,,,,,,,yes,,,,,,,,,,,,,,,,,,,,ostomate_toilet_list,長崎県 オストメイト対応トイレ県内設置場所一覧,https://www.pref.nagasaki.jp/uploads/2025/06/1750322278.pdf,,65,,
42,長崎県,42201,長崎市,,野母地区公民館,,,,,,,,,,,,,,,,yes,,,,,,,,,,,,,,,,,,,,ostomate_toilet_list,長崎県 オストメイト対応トイレ県内設置場所一覧,https://www.pref.nagasaki.jp/uploads/2025/06/1750322278.pdf,,66,,
42,長崎県,42201,長崎市,,出島筆者蘭人部屋,,,,,,,,,,,,,,,,yes,,,,,,,,,,,,,,,,,,,,ostomate_toilet_list,長崎県 オストメイト対応トイレ県内設置場所一覧,https://www.pref.nagasaki.jp/uploads/2025/06/1750322278.pdf,,67,,
42,長崎県,42201,長崎市,,西坂公園トイレ,,,,,,,,,,,,,,,,yes,,,,,,,,,,,,,,,,,,,,ostomate_toilet_list,長崎県 オストメイト対応トイレ県内設置場所一覧,https://www.pref.nagasaki.jp/uploads/2025/06/1750322278.pdf,,68,,
42,長崎県,42201,長崎市,,平和公園（祈念像横）トイレ,,,,,,,,,,,,,,,,yes,,,,,,,,,,,,,,,,,,,,ostomate_toilet_list,長崎県 オストメイト対応トイレ県内設置場所一覧,https://www.pref.nagasaki.jp/uploads/2025/06/1750322278.pdf,,69,,
42,長崎県,42201,長崎市,,平和公園（テニス場1階）トイレ,,,,,,,,,,,,,,,,yes,,,,,,,,,,,,,,,,,,,,ostomate_toilet_list,長崎県 オストメイト対応トイレ県内設置場所一覧,https://www.pref.nagasaki.jp/uploads/2025/06/1750322278.pdf,,70,,
42,長崎県,42201,長崎市,,長崎総合運動公園（陸上競技場内スタンド1階中央）トイレ,,,,,,,,,,,,,,,,yes,,,,,,,,,,,,,,,,,,,,ostomate_toilet_list,長崎県 オストメイト対応トイレ県内設置場所一覧,https://www.pref.nagasaki.jp/uploads/2025/06/1750322278.pdf,,71,,
42,長崎県,42201,長崎市,,伊王島大橋道路公園公衆便所,,,,,,,,,,,,,,,,yes,,,,,,,,,,,,,,,,,,,,ostomate_toilet_list,長崎県 オストメイト対応トイレ県内設置場所一覧,https://www.pref.nagasaki.jp/uploads/2025/06/1750322278.pdf,,72,,
42,長崎県,42201,長崎市,,長崎県立長崎鶴洋高等学校,,,,,,,,,,,,,,,,yes,,,,,,,,,,,,,,,,,,,,ostomate_toilet_list,長崎県 オストメイト対応トイレ県内設置場所一覧,https://www.pref.nagasaki.jp/uploads/2025/06/1750322278.pdf,,73,,
42,長崎県,42201,長崎市,,長崎県立長崎明誠高等学校,,,,,,,,,,,,,,,,yes,,,,,,,,,,,,,,,,,,,,ostomate_toilet_list,長崎県 オストメイト対応トイレ県内設置場所一覧,https://www.pref.nagasaki.jp/uploads/2025/06/1750322278.pdf,,74,,
42,長崎県,42201,長崎市,,道の駅 夕陽が丘そとめ,,,,,,,,,,,,,,,,yes,,,,,,,,,,,,,,,,,,,,ostomate_toilet_list,長崎県 オストメイト対応トイレ県内設置場所一覧,https://www.pref.nagasaki.jp/uploads/2025/06/1750322278.pdf,,75,,
42,長崎県,42201,長崎市,,長崎ロープウェイ淵神社駅,,,,,,,,,,,,,,,,yes,,,,,,,,,,,,,,,,,,,,ostomate_toilet_list,長崎県 オストメイト対応トイレ県内設置場所一覧,https://www.pref.nagasaki.jp/uploads/2025/06/1750322278.pdf,,76,,
42,長崎県,42201,長崎市,,開成学園本館,,,,,,,,,,,,,,,,unknown,,,,,,,,,,,,,,,,,,,,ostomate_toilet_list,長崎県 オストメイト対応トイレ県内設置場所一覧,https://www.pref.nagasaki.jp/uploads/2025/06/1750322278.pdf,,77,ostomate_status=partial; pouch_washing_device_present; other_equipment_not_complete,※整備予定。パウチ用水洗装置はあるが、他は未整備
42,長崎県,42201,長崎市,,出島メッセ長崎,,,,,,,,,,,,,,,,yes,,,,,,,,,,,,,,,,,,,,ostomate_toilet_list,長崎県 オストメイト対応トイレ県内設置場所一覧,https://www.pref.nagasaki.jp/uploads/2025/06/1750322278.pdf,,78,,
42,長崎県,42201,長崎市,,長崎市民会館,,,,,,,,,,,,,,,,yes,,,,,,,,,,,,,,,,,,,,ostomate_toilet_list,長崎県 オストメイト対応トイレ県内設置場所一覧,https://www.pref.nagasaki.jp/uploads/2025/06/1750322278.pdf,,79,,（文化ホールトイレ、４階競技場観覧者用トイレ）
42,長崎県,42201,長崎市,,長崎（小島）養生所跡資料館,,,,,,,,,,,,,,,,yes,,,,,,,,,,,,,,,,,,,,ostomate_toilet_list,長崎県 オストメイト対応トイレ県内設置場所一覧,https://www.pref.nagasaki.jp/uploads/2025/06/1750322278.pdf,,80,,
42,長崎県,42201,長崎市,,長崎駅前昇降場 トイレ,,,,,,,,,,,,,,,,yes,,,,,,,,,,,,,,,,,,,,ostomate_toilet_list,長崎県 オストメイト対応トイレ県内設置場所一覧,https://www.pref.nagasaki.jp/uploads/2025/06/1750322278.pdf,,81,,
42,長崎県,42201,長崎市,,滑石地域センター,,,,,,,,,,,,,,,,yes,,,,,,,,,,,,,,,,,,,,ostomate_toilet_list,長崎県 オストメイト対応トイレ県内設置場所一覧,https://www.pref.nagasaki.jp/uploads/2025/06/1750322278.pdf,,82,,
42,長崎県,42201,長崎市,,東長崎土地区画整理事務所庁舎内多目的トイレ,,,,,,,,,,,,,,,,yes,,,,,,,,,,,,,,,,,,,,ostomate_toilet_list,長崎県 オストメイト対応トイレ県内設置場所一覧,https://www.pref.nagasaki.jp/uploads/2025/06/1750322278.pdf,,83,,
42,長崎県,42201,長崎市,,浦上駅前広場内トイレ,,,,,,,,,,,,,,,,yes,,,,,,,,,,,,,,,,,,,,ostomate_toilet_list,長崎県 オストメイト対応トイレ県内設置場所一覧,https://www.pref.nagasaki.jp/uploads/2025/06/1750322278.pdf,,84,,
42,長崎県,42201,長崎市,,あぐりの丘（全天候型こども遊戯施設）,,,,,,,,,,,,,,,,yes,,,,,,,,,,,,,,,,,,,,ostomate_toilet_list,長崎県 オストメイト対応トイレ県内設置場所一覧,https://www.pref.nagasaki.jp/uploads/2025/06/1750322278.pdf,,85,,
42,長崎県,42201,長崎市,,長崎市北部学校給食センター,,,,,,,,,,,,,,,,yes,,,,,,,,,,,,,,,,,,,,ostomate_toilet_list,長崎県 オストメイト対応トイレ県内設置場所一覧,https://www.pref.nagasaki.jp/uploads/2025/06/1750322278.pdf,,86,,
42,長崎県,42201,長崎市,,西町小学校,,,,,,,,,,,,,,,,unknown,,,,,,,,,,,,,,,,,,,,ostomate_toilet_list,長崎県 オストメイト対応トイレ県内設置場所一覧,https://www.pref.nagasaki.jp/uploads/2025/06/1750322278.pdf,,87,ostomate_status=planned,※R7.9供用開始予定の新校舎に整備予定
42,長崎県,42201,長崎市,,小島小学校,,,,,,,,,,,,,,,,unknown,,,,,,,,,,,,,,,,,,,,ostomate_toilet_list,長崎県 オストメイト対応トイレ県内設置場所一覧,https://www.pref.nagasaki.jp/uploads/2025/06/1750322278.pdf,,88,ostomate_status=planned,※R５.3月仮設校舎に整備。また、R9.3供用開始予定の新校舎に整備予定
42,長崎県,42201,長崎市,,西浦上小学校,,,,,,,,,,,,,,,,unknown,,,,,,,,,,,,,,,,,,,,ostomate_toilet_list,長崎県 オストメイト対応トイレ県内設置場所一覧,https://www.pref.nagasaki.jp/uploads/2025/06/1750322278.pdf,,89,ostomate_status=planned,※R４.3月仮設校舎に整備。また、R8.4供用開始予定の新校舎に整備予定
42,長崎県,42201,長崎市,,琴海中学校,,,,,,,,,,,,,,,,unknown,,,,,,,,,,,,,,,,,,,,ostomate_toilet_list,長崎県 オストメイト対応トイレ県内設置場所一覧,https://www.pref.nagasaki.jp/uploads/2025/06/1750322278.pdf,,90,ostomate_status=planned,※R9供用開始予定の新校舎に整備予定
42,長崎県,42201,長崎市,,岩屋中学校,,,,,,,,,,,,,,,,yes,,,,,,,,,,,,,,,,,,,,ostomate_toilet_list,長崎県 オストメイト対応トイレ県内設置場所一覧,https://www.pref.nagasaki.jp/uploads/2025/06/1750322278.pdf,,91,,
42,長崎県,42201,長崎市,,梅香崎中学校,,,,,,,,,,,,,,,,yes,,,,,,,,,,,,,,,,,,,,ostomate_toilet_list,長崎県 オストメイト対応トイレ県内設置場所一覧,https://www.pref.nagasaki.jp/uploads/2025/06/1750322278.pdf,,92,,
42,長崎県,42201,長崎市,,長崎市高島いやしの湯,,,,,,,,,,,,,,,,yes,,,,,,,,,,,,,,,,,,,,ostomate_toilet_list,長崎県 オストメイト対応トイレ県内設置場所一覧,https://www.pref.nagasaki.jp/uploads/2025/06/1750322278.pdf,,93,,
42,長崎県,42201,長崎市,,長崎市野母崎樺島地区ふれあいセンター,,,,,,,,,,,,,,,,yes,,,,,,,,,,,,,,,,,,,,ostomate_toilet_list,長崎県 オストメイト対応トイレ県内設置場所一覧,https://www.pref.nagasaki.jp/uploads/2025/06/1750322278.pdf,,94,,
42,長崎県,42201,長崎市,,日吉自然の家 １階トイレ,,,,,,,,,,,,,,,,yes,,,,,,,,,,,,,,,,,,,,ostomate_toilet_list,長崎県 オストメイト対応トイレ県内設置場所一覧,https://www.pref.nagasaki.jp/uploads/2025/06/1750322278.pdf,,95,,
42,長崎県,42201,長崎市,,長崎市恐竜博物館,,,,,,,,,,,,,,,,yes,,,,,,,,,,,,,,,,,,,,ostomate_toilet_list,長崎県 オストメイト対応トイレ県内設置場所一覧,https://www.pref.nagasaki.jp/uploads/2025/06/1750322278.pdf,,96,,
42,長崎県,42201,長崎市,,稲佐山公園 スロープカー乗り場付近 トイレ,,,,,,,,,,,,,,,,yes,,,,,,,,,,,,,,,,,,,,ostomate_toilet_list,長崎県 オストメイト対応トイレ県内設置場所一覧,https://www.pref.nagasaki.jp/uploads/2025/06/1750322278.pdf,,97,,
42,長崎県,42201,長崎市,,天主公園トイレ,,,,,,,,,,,,,,,,yes,,,,,,,,,,,,,,,,,,,,ostomate_toilet_list,長崎県 オストメイト対応トイレ県内設置場所一覧,https://www.pref.nagasaki.jp/uploads/2025/06/1750322278.pdf,,98,,
42,長崎県,42201,長崎市,,小江原地区ふれあいセンター,,,,,,,,,,,,,,,,yes,,,,,,,,,,,,,,,,,,,,ostomate_toilet_list,長崎県 オストメイト対応トイレ県内設置場所一覧,https://www.pref.nagasaki.jp/uploads/2025/06/1750322278.pdf,,99,,
42,長崎県,42201,長崎市,,東総合事務所,,,,,,,,,,,,,,,,yes,,,,,,,,,,,,,,,,,,,,ostomate_toilet_list,長崎県 オストメイト対応トイレ県内設置場所一覧,https://www.pref.nagasaki.jp/uploads/2025/06/1750322278.pdf,,100,,
42,長崎県,42201,長崎市,,古賀地区市民センター,,,,,,,,,,,,,,,,yes,,,,,,,,,,,,,,,,,,,,ostomate_toilet_list,長崎県 オストメイト対応トイレ県内設置場所一覧,https://www.pref.nagasaki.jp/uploads/2025/06/1750322278.pdf,,101,,
42,長崎県,42201,長崎市,,出津地区ふれあいセンター,,,,,,,,,,,,,,,,yes,,,,,,,,,,,,,,,,,,,,ostomate_toilet_list,長崎県 オストメイト対応トイレ県内設置場所一覧,https://www.pref.nagasaki.jp/uploads/2025/06/1750322278.pdf,,102,,
42,長崎県,42201,長崎市,,県立長崎図書館郷土資料センター,,,,,,,,,,,,,,,,yes,,,,,,,,,,,,,,,,,,,,ostomate_toilet_list,長崎県 オストメイト対応トイレ県内設置場所一覧,https://www.pref.nagasaki.jp/uploads/2025/06/1750322278.pdf,,103,,
42,長崎県,42202,佐世保市,,佐世保情報産業プラザ第２棟,,,,,,,,,,,,,,,,yes,,,,,,,,,,,,,,,,,,,,ostomate_toilet_list,長崎県 オストメイト対応トイレ県内設置場所一覧,https://www.pref.nagasaki.jp/uploads/2025/06/1750322278.pdf,,104,,
42,長崎県,42202,佐世保市,,佐世保市役所,,,,,,,,,,,,,,,,yes,,,,,,,,,,,,,,,,,,,,ostomate_toilet_list,長崎県 オストメイト対応トイレ県内設置場所一覧,https://www.pref.nagasaki.jp/uploads/2025/06/1750322278.pdf,,105,,
42,長崎県,42202,佐世保市,,九十九島動植物園 森きらら,,,,,,,,,,,,,,,,yes,,,,,,,,,,,,,,,,,,,,ostomate_toilet_list,長崎県 オストメイト対応トイレ県内設置場所一覧,https://www.pref.nagasaki.jp/uploads/2025/06/1750322278.pdf,,106,,
42,長崎県,42202,佐世保市,,九十九島水族館「海きらら」,,,,,,,,,,,,,,,,yes,,,,,,,,,,,,,,,,,,,,ostomate_toilet_list,長崎県 オストメイト対応トイレ県内設置場所一覧,https://www.pref.nagasaki.jp/uploads/2025/06/1750322278.pdf,,107,,
42,長崎県,42202,佐世保市,,佐世保市世知原活性化センター（国見の郷）,,,,,,,,,,,,,,,,yes,,,,,,,,,,,,,,,,,,,,ostomate_toilet_list,長崎県 オストメイト対応トイレ県内設置場所一覧,https://www.pref.nagasaki.jp/uploads/2025/06/1750322278.pdf,,108,,
42,長崎県,42202,佐世保市,,山澄地区公民館,,,,,,,,,,,,,,,,yes,,,,,,,,,,,,,,,,,,,,ostomate_toilet_list,長崎県 オストメイト対応トイレ県内設置場所一覧,https://www.pref.nagasaki.jp/uploads/2025/06/1750322278.pdf,,109,,
42,長崎県,42202,佐世保市,,サン・アビリティーズ佐世保,,,,,,,,,,,,,,,,yes,,,,,,,,,,,,,,,,,,,,ostomate_toilet_list,長崎県 オストメイト対応トイレ県内設置場所一覧,https://www.pref.nagasaki.jp/uploads/2025/06/1750322278.pdf,,110,,
42,長崎県,42202,佐世保市,,急病診療所,,,,,,,,,,,,,,,,yes,,,,,,,,,,,,,,,,,,,,ostomate_toilet_list,長崎県 オストメイト対応トイレ県内設置場所一覧,https://www.pref.nagasaki.jp/uploads/2025/06/1750322278.pdf,,111,,
42,長崎県,42202,佐世保市,,佐世保市総合医療センター宇久診療所,,,,,,,,,,,,,,,,yes,,,,,,,,,,,,,,,,,,,,ostomate_toilet_list,長崎県 オストメイト対応トイレ県内設置場所一覧,https://www.pref.nagasaki.jp/uploads/2025/06/1750322278.pdf,,112,,
42,長崎県,42202,佐世保市,,佐世保市労働福祉センター,,,,,,,,,,,,,,,,yes,,,,,,,,,,,,,,,,,,,,ostomate_toilet_list,長崎県 オストメイト対応トイレ県内設置場所一覧,https://www.pref.nagasaki.jp/uploads/2025/06/1750322278.pdf,,113,,
42,長崎県,42202,佐世保市,,佐世保市総合医療センター,,,,,,,,,,,,,,,,yes,,,,,,,,,,,,,,,,,,,,ostomate_toilet_list,長崎県 オストメイト対応トイレ県内設置場所一覧,https://www.pref.nagasaki.jp/uploads/2025/06/1750322278.pdf,,114,,
42,長崎県,42202,佐世保市,,中央保健福祉センター（すこやかプラザ）,,,,,,,,,,,,,,,,yes,,,,,,,,,,,,,,,,,,,,ostomate_toilet_list,長崎県 オストメイト対応トイレ県内設置場所一覧,https://www.pref.nagasaki.jp/uploads/2025/06/1750322278.pdf,,115,,
42,長崎県,42202,佐世保市,,新みなとターミナル,,,,,,,,,,,,,,,,yes,,,,,,,,,,,,,,,,,,,,ostomate_toilet_list,長崎県 オストメイト対応トイレ県内設置場所一覧,https://www.pref.nagasaki.jp/uploads/2025/06/1750322278.pdf,,116,,
42,長崎県,42202,佐世保市,,佐世保駅高架下公衆便所,,,,,,,,,,,,,,,,yes,,,,,,,,,,,,,,,,,,,,ostomate_toilet_list,長崎県 オストメイト対応トイレ県内設置場所一覧,https://www.pref.nagasaki.jp/uploads/2025/06/1750322278.pdf,,117,,
42,長崎県,42202,佐世保市,,佐世保市西部芳世苑,,,,,,,,,,,,,,,,yes,,,,,,,,,,,,,,,,,,,,ostomate_toilet_list,長崎県 オストメイト対応トイレ県内設置場所一覧,https://www.pref.nagasaki.jp/uploads/2025/06/1750322278.pdf,,118,,
42,長崎県,42202,佐世保市,,ハウステンボス,,,,,,,,,,,,,,,,yes,,,,,,,,,,,,,,,,,,,,ostomate_toilet_list,長崎県 オストメイト対応トイレ県内設置場所一覧,https://www.pref.nagasaki.jp/uploads/2025/06/1750322278.pdf,,119,,
42,長崎県,42202,佐世保市,,愛宕地区公民館,,,,,,,,,,,,,,,,yes,,,,,,,,,,,,,,,,,,,,ostomate_toilet_list,長崎県 オストメイト対応トイレ県内設置場所一覧,https://www.pref.nagasaki.jp/uploads/2025/06/1750322278.pdf,,120,,
42,長崎県,42202,佐世保市,,JR九州 佐世保駅,,,,,,,,,,,,,,,,yes,,,,,,,,,,,,,,,,,,,,ostomate_toilet_list,長崎県 オストメイト対応トイレ県内設置場所一覧,https://www.pref.nagasaki.jp/uploads/2025/06/1750322278.pdf,,121,,
42,長崎県,42202,佐世保市,,高齢者生活福祉センター（慈恵苑）,,,,,,,,,,,,,,,,yes,,,,,,,,,,,,,,,,,,,,ostomate_toilet_list,長崎県 オストメイト対応トイレ県内設置場所一覧,https://www.pref.nagasaki.jp/uploads/2025/06/1750322278.pdf,,122,,
42,長崎県,42202,佐世保市,,佐世保市江迎福祉センター,,,,,,,,,,,,,,,,yes,,,,,,,,,,,,,,,,,,,,ostomate_toilet_list,長崎県 オストメイト対応トイレ県内設置場所一覧,https://www.pref.nagasaki.jp/uploads/2025/06/1750322278.pdf,,123,,
42,長崎県,42202,佐世保市,,世知原福祉会養護老人ホームグリーンホーム,,,,,,,,,,,,,,,,yes,,,,,,,,,,,,,,,,,,,,ostomate_toilet_list,長崎県 オストメイト対応トイレ県内設置場所一覧,https://www.pref.nagasaki.jp/uploads/2025/06/1750322278.pdf,,124,,
42,長崎県,42202,佐世保市,,特別養護老人ホーム たけんの,,,,,,,,,,,,,,,,yes,,,,,,,,,,,,,,,,,,,,ostomate_toilet_list,長崎県 オストメイト対応トイレ県内設置場所一覧,https://www.pref.nagasaki.jp/uploads/2025/06/1750322278.pdf,,125,,
42,長崎県,42202,佐世保市,,養護老人ホーム チューリップ,,,,,,,,,,,,,,,,yes,,,,,,,,,,,,,,,,,,,,ostomate_toilet_list,長崎県 オストメイト対応トイレ県内設置場所一覧,https://www.pref.nagasaki.jp/uploads/2025/06/1750322278.pdf,,126,,
42,長崎県,42202,佐世保市,,東部スポーツ広場体育館,,,,,,,,,,,,,,,,yes,,,,,,,,,,,,,,,,,,,,ostomate_toilet_list,長崎県 オストメイト対応トイレ県内設置場所一覧,https://www.pref.nagasaki.jp/uploads/2025/06/1750322278.pdf,,127,,
42,長崎県,42202,佐世保市,,中央公民館,,,,,,,,,,,,,,,,yes,,,,,,,,,,,,,,,,,,,,ostomate_toilet_list,長崎県 オストメイト対応トイレ県内設置場所一覧,https://www.pref.nagasaki.jp/uploads/2025/06/1750322278.pdf,,128,,
42,長崎県,42202,佐世保市,,佐世保市福祉活動プラザ,,,,,,,,,,,,,,,,yes,,,,,,,,,,,,,,,,,,,,ostomate_toilet_list,長崎県 オストメイト対応トイレ県内設置場所一覧,https://www.pref.nagasaki.jp/uploads/2025/06/1750322278.pdf,,129,,
42,長崎県,42202,佐世保市,,看護キャリア支援センター,,,,,,,,,,,,,,,,yes,,,,,,,,,,,,,,,,,,,,ostomate_toilet_list,長崎県 オストメイト対応トイレ県内設置場所一覧,https://www.pref.nagasaki.jp/uploads/2025/06/1750322278.pdf,,130,,
42,長崎県,42202,佐世保市,,多目的国際ターミナル,,,,,,,,,,,,,,,,yes,,,,,,,,,,,,,,,,,,,,ostomate_toilet_list,長崎県 オストメイト対応トイレ県内設置場所一覧,https://www.pref.nagasaki.jp/uploads/2025/06/1750322278.pdf,,131,,
42,長崎県,42202,佐世保市,,崎辺地区公民館,,,,,,,,,,,,,,,,yes,,,,,,,,,,,,,,,,,,,,ostomate_toilet_list,長崎県 オストメイト対応トイレ県内設置場所一覧,https://www.pref.nagasaki.jp/uploads/2025/06/1750322278.pdf,,132,,
42,長崎県,42202,佐世保市,,さわせ薬局松浦公園店,,,,,,,,,,,,,,,,yes,,,,,,,,,,,,,,,,,,,,ostomate_toilet_list,長崎県 オストメイト対応トイレ県内設置場所一覧,https://www.pref.nagasaki.jp/uploads/2025/06/1750322278.pdf,,133,,
42,長崎県,42202,佐世保市,,松浦鉄道 佐世保中央駅,,,,,,,,,,,,,,,,yes,,,,,,,,,,,,,,,,,,,,ostomate_toilet_list,長崎県 オストメイト対応トイレ県内設置場所一覧,https://www.pref.nagasaki.jp/uploads/2025/06/1750322278.pdf,,134,,
42,長崎県,42202,佐世保市,,松浦鉄道 北佐世保駅,,,,,,,,,,,,,,,,yes,,,,,,,,,,,,,,,,,,,,ostomate_toilet_list,長崎県 オストメイト対応トイレ県内設置場所一覧,https://www.pref.nagasaki.jp/uploads/2025/06/1750322278.pdf,,135,,
42,長崎県,42202,佐世保市,,松浦鉄道 左石駅,,,,,,,,,,,,,,,,yes,,,,,,,,,,,,,,,,,,,,ostomate_toilet_list,長崎県 オストメイト対応トイレ県内設置場所一覧,https://www.pref.nagasaki.jp/uploads/2025/06/1750322278.pdf,,136,,
42,長崎県,42202,佐世保市,,早岐地区公民館図書室,,,,,,,,,,,,,,,,yes,,,,,,,,,,,,,,,,,,,,ostomate_toilet_list,長崎県 オストメイト対応トイレ県内設置場所一覧,https://www.pref.nagasaki.jp/uploads/2025/06/1750322278.pdf,,137,,
42,長崎県,42202,佐世保市,,相浦地区公民館,,,,,,,,,,,,,,,,yes,,,,,,,,,,,,,,,,,,,,ostomate_toilet_list,長崎県 オストメイト対応トイレ県内設置場所一覧,https://www.pref.nagasaki.jp/uploads/2025/06/1750322278.pdf,,138,,
42,長崎県,42202,佐世保市,,吉井地区公民館,,,,,,,,,,,,,,,,yes,,,,,,,,,,,,,,,,,,,,ostomate_toilet_list,長崎県 オストメイト対応トイレ県内設置場所一覧,https://www.pref.nagasaki.jp/uploads/2025/06/1750322278.pdf,,139,,
42,長崎県,42202,佐世保市,,道の駅させぼっくす９９,,,,,,,,,,,,,,,,yes,,,,,,,,,,,,,,,,,,,,ostomate_toilet_list,長崎県 オストメイト対応トイレ県内設置場所一覧,https://www.pref.nagasaki.jp/uploads/2025/06/1750322278.pdf,,140,,
42,長崎県,42202,佐世保市,,長串山公園トイレ,,,,,,,,,,,,,,,,yes,,,,,,,,,,,,,,,,,,,,ostomate_toilet_list,長崎県 オストメイト対応トイレ県内設置場所一覧,https://www.pref.nagasaki.jp/uploads/2025/06/1750322278.pdf,,141,,
42,長崎県,42202,佐世保市,,島瀬公園（美術館横）多目的トイレ,,,,,,,,,,,,,,,,yes,,,,,,,,,,,,,,,,,,,,ostomate_toilet_list,長崎県 オストメイト対応トイレ県内設置場所一覧,https://www.pref.nagasaki.jp/uploads/2025/06/1750322278.pdf,,142,,
42,長崎県,42202,佐世保市,,夜店公園多目的トイレ,,,,,,,,,,,,,,,,yes,,,,,,,,,,,,,,,,,,,,ostomate_toilet_list,長崎県 オストメイト対応トイレ県内設置場所一覧,https://www.pref.nagasaki.jp/uploads/2025/06/1750322278.pdf,,143,,
42,長崎県,42202,佐世保市,,佐世保駅前バス広場便所,,,,,,,,,,,,,,,,yes,,,,,,,,,,,,,,,,,,,,ostomate_toilet_list,長崎県 オストメイト対応トイレ県内設置場所一覧,https://www.pref.nagasaki.jp/uploads/2025/06/1750322278.pdf,,144,,
42,長崎県,42202,佐世保市,,西海橋公園 新西海橋入り口トイレ,,,,,,,,,,,,,,,,yes,,,,,,,,,,,,,,,,,,,,ostomate_toilet_list,長崎県 オストメイト対応トイレ県内設置場所一覧,https://www.pref.nagasaki.jp/uploads/2025/06/1750322278.pdf,,145,,
42,長崎県,42202,佐世保市,,長崎県立佐世保特別支援学校,,,,,,,,,,,,,,,,yes,,,,,,,,,,,,,,,,,,,,ostomate_toilet_list,長崎県 オストメイト対応トイレ県内設置場所一覧,https://www.pref.nagasaki.jp/uploads/2025/06/1750322278.pdf,,146,,
42,長崎県,42202,佐世保市,,宮地区公民館,,,,,,,,,,,,,,,,yes,,,,,,,,,,,,,,,,,,,,ostomate_toilet_list,長崎県 オストメイト対応トイレ県内設置場所一覧,https://www.pref.nagasaki.jp/uploads/2025/06/1750322278.pdf,,147,,
42,長崎県,42202,佐世保市,,佐世保クルーズセンター（浦頭クルーズターミナル）,,,,,,,,,,,,,,,,yes,,,,,,,,,,,,,,,,,,,,ostomate_toilet_list,長崎県 オストメイト対応トイレ県内設置場所一覧,https://www.pref.nagasaki.jp/uploads/2025/06/1750322278.pdf,,148,,
42,長崎県,42203,島原市,,島原市役所東側ロビー,,,,,,,,,,,,,,,,yes,,,,,,,,,,,,,,,,,,,,ostomate_toilet_list,長崎県 オストメイト対応トイレ県内設置場所一覧,https://www.pref.nagasaki.jp/uploads/2025/06/1750322278.pdf,,149,,
42,長崎県,42203,島原市,,ひょうたん池公園（東側）,,,,,,,,,,,,,,,,yes,,,,,,,,,,,,,,,,,,,,ostomate_toilet_list,長崎県 オストメイト対応トイレ県内設置場所一覧,https://www.pref.nagasaki.jp/uploads/2025/06/1750322278.pdf,,150,,
42,長崎県,42203,島原市,,安中再生記念公園,,,,,,,,,,,,,,,,yes,,,,,,,,,,,,,,,,,,,,ostomate_toilet_list,長崎県 オストメイト対応トイレ県内設置場所一覧,https://www.pref.nagasaki.jp/uploads/2025/06/1750322278.pdf,,151,,
42,長崎県,42203,島原市,,島原城,,,,,,,,,,,,,,,,yes,,,,,,,,,,,,,,,,,,,,ostomate_toilet_list,長崎県 オストメイト対応トイレ県内設置場所一覧,https://www.pref.nagasaki.jp/uploads/2025/06/1750322278.pdf,,152,,
42,長崎県,42203,島原市,,武家屋敷休憩所,,,,,,,,,,,,,,,,yes,,,,,,,,,,,,,,,,,,,,ostomate_toilet_list,長崎県 オストメイト対応トイレ県内設置場所一覧,https://www.pref.nagasaki.jp/uploads/2025/06/1750322278.pdf,,153,,
42,長崎県,42203,島原市,,島原城温泉ゆとろぎの湯（駐車場公衆トイレ）,,,,,,,,,,,,,,,,yes,,,,,,,,,,,,,,,,,,,,ostomate_toilet_list,長崎県 オストメイト対応トイレ県内設置場所一覧,https://www.pref.nagasaki.jp/uploads/2025/06/1750322278.pdf,,154,,
42,長崎県,42203,島原市,,平成町人工芝グラウンドクラブハウス,,,,,,,,,,,,,,,,yes,,,,,,,,,,,,,,,,,,,,ostomate_toilet_list,長崎県 オストメイト対応トイレ県内設置場所一覧,https://www.pref.nagasaki.jp/uploads/2025/06/1750322278.pdf,,155,,
42,長崎県,42203,島原市,,平成町人工芝グラウンド屋外トイレ,,,,,,,,,,,,,,,,yes,,,,,,,,,,,,,,,,,,,,ostomate_toilet_list,長崎県 オストメイト対応トイレ県内設置場所一覧,https://www.pref.nagasaki.jp/uploads/2025/06/1750322278.pdf,,156,,
42,長崎県,42203,島原市,,霊丘公園体育館・弓道場,,,,,,,,,,,,,,,,yes,,,,,,,,,,,,,,,,,,,,ostomate_toilet_list,長崎県 オストメイト対応トイレ県内設置場所一覧,https://www.pref.nagasaki.jp/uploads/2025/06/1750322278.pdf,,157,,
42,長崎県,42203,島原市,,有明体育館 屋外トイレ,,,,,,,,,,,,,,,,yes,,,,,,,,,,,,,,,,,,,,ostomate_toilet_list,長崎県 オストメイト対応トイレ県内設置場所一覧,https://www.pref.nagasaki.jp/uploads/2025/06/1750322278.pdf,,158,,
42,長崎県,42203,島原市,,鯉の泳ぐまち観光交流センター 清流亭,,,,,,,,,,,,,,,,yes,,,,,,,,,,,,,,,,,,,,ostomate_toilet_list,長崎県 オストメイト対応トイレ県内設置場所一覧,https://www.pref.nagasaki.jp/uploads/2025/06/1750322278.pdf,,159,,
42,長崎県,42203,島原市,,百花台公園 第９駐車場 屋外トイレ,,,,,,,,,,,,,,,,yes,,,,,,,,,,,,,,,,,,,,ostomate_toilet_list,長崎県 オストメイト対応トイレ県内設置場所一覧,https://www.pref.nagasaki.jp/uploads/2025/06/1750322278.pdf,,160,,
42,長崎県,42203,島原市,,百花台公園 ピクニックの森 屋外トイレ,,,,,,,,,,,,,,,,yes,,,,,,,,,,,,,,,,,,,,ostomate_toilet_list,長崎県 オストメイト対応トイレ県内設置場所一覧,https://www.pref.nagasaki.jp/uploads/2025/06/1750322278.pdf,,161,,
42,長崎県,42203,島原市,,百花台公園 大芝生広場 屋外トイレ,,,,,,,,,,,,,,,,yes,,,,,,,,,,,,,,,,,,,,ostomate_toilet_list,長崎県 オストメイト対応トイレ県内設置場所一覧,https://www.pref.nagasaki.jp/uploads/2025/06/1750322278.pdf,,162,,
42,長崎県,42203,島原市,,百花台公園 森の広場 屋外トイレ,,,,,,,,,,,,,,,,yes,,,,,,,,,,,,,,,,,,,,ostomate_toilet_list,長崎県 オストメイト対応トイレ県内設置場所一覧,https://www.pref.nagasaki.jp/uploads/2025/06/1750322278.pdf,,163,,
42,長崎県,42203,島原市,,長崎県島原病院 １階,,,,,,,,,,,,,,,,yes,,,,,,,,,,,,,,,,,,,,ostomate_toilet_list,長崎県 オストメイト対応トイレ県内設置場所一覧,https://www.pref.nagasaki.jp/uploads/2025/06/1750322278.pdf,,164,,※男女共用身体障害者用トイレ
42,長崎県,42203,島原市,,長崎県島原病院 ２階,,,,,,,,,,,,,,,,yes,,,,,,,,,,,,,,,,,,,,ostomate_toilet_list,長崎県 オストメイト対応トイレ県内設置場所一覧,https://www.pref.nagasaki.jp/uploads/2025/06/1750322278.pdf,,165,,※男性用トイレのみ
42,長崎県,42203,島原市,,島原復興アリーナ 屋外トイレ,,,,,,,,,,,,,,,,yes,,,,,,,,,,,,,,,,,,,,ostomate_toilet_list,長崎県 オストメイト対応トイレ県内設置場所一覧,https://www.pref.nagasaki.jp/uploads/2025/06/1750322278.pdf,,166,,
42,長崎県,42203,島原市,,島原市福祉センター（社会福祉協議会）,,,,,,,,,,,,,,,,yes,,,,,,,,,,,,,,,,,,,,ostomate_toilet_list,長崎県 オストメイト対応トイレ県内設置場所一覧,https://www.pref.nagasaki.jp/uploads/2025/06/1750322278.pdf,,167,,
42,長崎県,42203,島原市,,イオン 島原店,,,,,,,,,,,,,,,,yes,,,,,,,,,,,,,,,,,,,,ostomate_toilet_list,長崎県 オストメイト対応トイレ県内設置場所一覧,https://www.pref.nagasaki.jp/uploads/2025/06/1750322278.pdf,,168,,
42,長崎県,42203,島原市,,しまばら火張山公園,,,,,,,,,,,,,,,,yes,,,,,,,,,,,,,,,,,,,,ostomate_toilet_list,長崎県 オストメイト対応トイレ県内設置場所一覧,https://www.pref.nagasaki.jp/uploads/2025/06/1750322278.pdf,,169,,
42,長崎県,42203,島原市,,長崎県立島原高等学校,,,,,,,,,,,,,,,,yes,,,,,,,,,,,,,,,,,,,,ostomate_toilet_list,長崎県 オストメイト対応トイレ県内設置場所一覧,https://www.pref.nagasaki.jp/uploads/2025/06/1750322278.pdf,,170,,
42,長崎県,42204,諫早市,,長崎県立総合運動公園陸上競技場,,,,,,,,,,,,,,,,yes,,,,,,,,,,,,,,,,,,,,ostomate_toilet_list,長崎県 オストメイト対応トイレ県内設置場所一覧,https://www.pref.nagasaki.jp/uploads/2025/06/1750322278.pdf,,171,,
42,長崎県,42204,諫早市,,諫早市役所本館,,,,,,,,,,,,,,,,yes,,,,,,,,,,,,,,,,,,,,ostomate_toilet_list,長崎県 オストメイト対応トイレ県内設置場所一覧,https://www.pref.nagasaki.jp/uploads/2025/06/1750322278.pdf,,172,,
42,長崎県,42204,諫早市,,諫早市社会福祉会館,,,,,,,,,,,,,,,,yes,,,,,,,,,,,,,,,,,,,,ostomate_toilet_list,長崎県 オストメイト対応トイレ県内設置場所一覧,https://www.pref.nagasaki.jp/uploads/2025/06/1750322278.pdf,,173,,
42,長崎県,42204,諫早市,,新道福祉交流センター,,,,,,,,,,,,,,,,yes,,,,,,,,,,,,,,,,,,,,ostomate_toilet_list,長崎県 オストメイト対応トイレ県内設置場所一覧,https://www.pref.nagasaki.jp/uploads/2025/06/1750322278.pdf,,174,,
42,長崎県,42204,諫早市,,健康福祉センター,,,,,,,,,,,,,,,,yes,,,,,,,,,,,,,,,,,,,,ostomate_toilet_list,長崎県 オストメイト対応トイレ県内設置場所一覧,https://www.pref.nagasaki.jp/uploads/2025/06/1750322278.pdf,,175,,
42,長崎県,42204,諫早市,,諫早市こどもの城,,,,,,,,,,,,,,,,yes,,,,,,,,,,,,,,,,,,,,ostomate_toilet_list,長崎県 オストメイト対応トイレ県内設置場所一覧,https://www.pref.nagasaki.jp/uploads/2025/06/1750322278.pdf,,176,,
42,長崎県,42204,諫早市,,本野ふれあい会館,,,,,,,,,,,,,,,,yes,,,,,,,,,,,,,,,,,,,,ostomate_toilet_list,長崎県 オストメイト対応トイレ県内設置場所一覧,https://www.pref.nagasaki.jp/uploads/2025/06/1750322278.pdf,,177,,
42,長崎県,42204,諫早市,,有喜ふれあい会館,,,,,,,,,,,,,,,,yes,,,,,,,,,,,,,,,,,,,,ostomate_toilet_list,長崎県 オストメイト対応トイレ県内設置場所一覧,https://www.pref.nagasaki.jp/uploads/2025/06/1750322278.pdf,,178,,
42,長崎県,42204,諫早市,,中央ふれあい広場トイレ,,,,,,,,,,,,,,,,yes,,,,,,,,,,,,,,,,,,,,ostomate_toilet_list,長崎県 オストメイト対応トイレ県内設置場所一覧,https://www.pref.nagasaki.jp/uploads/2025/06/1750322278.pdf,,179,,
42,長崎県,42204,諫早市,,小野島グランドトイレ,,,,,,,,,,,,,,,,yes,,,,,,,,,,,,,,,,,,,,ostomate_toilet_list,長崎県 オストメイト対応トイレ県内設置場所一覧,https://www.pref.nagasaki.jp/uploads/2025/06/1750322278.pdf,,180,,
42,長崎県,42204,諫早市,,貝津公衆トイレ,,,,,,,,,,,,,,,,yes,,,,,,,,,,,,,,,,,,,,ostomate_toilet_list,長崎県 オストメイト対応トイレ県内設置場所一覧,https://www.pref.nagasaki.jp/uploads/2025/06/1750322278.pdf,,181,,
42,長崎県,42204,諫早市,,津水グランドトイレ,,,,,,,,,,,,,,,,yes,,,,,,,,,,,,,,,,,,,,ostomate_toilet_list,長崎県 オストメイト対応トイレ県内設置場所一覧,https://www.pref.nagasaki.jp/uploads/2025/06/1750322278.pdf,,182,,
42,長崎県,42204,諫早市,,たらみ図書館,,,,,,,,,,,,,,,,yes,,,,,,,,,,,,,,,,,,,,ostomate_toilet_list,長崎県 オストメイト対応トイレ県内設置場所一覧,https://www.pref.nagasaki.jp/uploads/2025/06/1750322278.pdf,,183,,
42,長崎県,42204,諫早市,,多良見体育センター,,,,,,,,,,,,,,,,yes,,,,,,,,,,,,,,,,,,,,ostomate_toilet_list,長崎県 オストメイト対応トイレ県内設置場所一覧,https://www.pref.nagasaki.jp/uploads/2025/06/1750322278.pdf,,184,,
42,長崎県,42204,諫早市,,喜々津駅前トイレ,,,,,,,,,,,,,,,,yes,,,,,,,,,,,,,,,,,,,,ostomate_toilet_list,長崎県 オストメイト対応トイレ県内設置場所一覧,https://www.pref.nagasaki.jp/uploads/2025/06/1750322278.pdf,,185,,
42,長崎県,42204,諫早市,,諫早市とどろき体育館,,,,,,,,,,,,,,,,yes,,,,,,,,,,,,,,,,,,,,ostomate_toilet_list,長崎県 オストメイト対応トイレ県内設置場所一覧,https://www.pref.nagasaki.jp/uploads/2025/06/1750322278.pdf,,186,,
42,長崎県,42204,諫早市,,高来西小学校跡地グランドトイレ,,,,,,,,,,,,,,,,yes,,,,,,,,,,,,,,,,,,,,ostomate_toilet_list,長崎県 オストメイト対応トイレ県内設置場所一覧,https://www.pref.nagasaki.jp/uploads/2025/06/1750322278.pdf,,187,,
42,長崎県,42204,諫早市,,高来総合運動公園トイレ,,,,,,,,,,,,,,,,yes,,,,,,,,,,,,,,,,,,,,ostomate_toilet_list,長崎県 オストメイト対応トイレ県内設置場所一覧,https://www.pref.nagasaki.jp/uploads/2025/06/1750322278.pdf,,188,,
42,長崎県,42204,諫早市,,小長井文化ホール,,,,,,,,,,,,,,,,yes,,,,,,,,,,,,,,,,,,,,ostomate_toilet_list,長崎県 オストメイト対応トイレ県内設置場所一覧,https://www.pref.nagasaki.jp/uploads/2025/06/1750322278.pdf,,189,,
42,長崎県,42204,諫早市,,小野体育館,,,,,,,,,,,,,,,,yes,,,,,,,,,,,,,,,,,,,,ostomate_toilet_list,長崎県 オストメイト対応トイレ県内設置場所一覧,https://www.pref.nagasaki.jp/uploads/2025/06/1750322278.pdf,,190,,
42,長崎県,42204,諫早市,,諫早中央体育館,,,,,,,,,,,,,,,,yes,,,,,,,,,,,,,,,,,,,,ostomate_toilet_list,長崎県 オストメイト対応トイレ県内設置場所一覧,https://www.pref.nagasaki.jp/uploads/2025/06/1750322278.pdf,,191,,
42,長崎県,42204,諫早市,,なごみの里運動公園トイレ,,,,,,,,,,,,,,,,yes,,,,,,,,,,,,,,,,,,,,ostomate_toilet_list,長崎県 オストメイト対応トイレ県内設置場所一覧,https://www.pref.nagasaki.jp/uploads/2025/06/1750322278.pdf,,192,,
42,長崎県,42204,諫早市,,上山公園北駐車場トイレ,,,,,,,,,,,,,,,,yes,,,,,,,,,,,,,,,,,,,,ostomate_toilet_list,長崎県 オストメイト対応トイレ県内設置場所一覧,https://www.pref.nagasaki.jp/uploads/2025/06/1750322278.pdf,,193,,
42,長崎県,42204,諫早市,,西諫早団地第２公園トイレ,,,,,,,,,,,,,,,,yes,,,,,,,,,,,,,,,,,,,,ostomate_toilet_list,長崎県 オストメイト対応トイレ県内設置場所一覧,https://www.pref.nagasaki.jp/uploads/2025/06/1750322278.pdf,,194,,
42,長崎県,42204,諫早市,,諫早市美術・歴史館,,,,,,,,,,,,,,,,yes,,,,,,,,,,,,,,,,,,,,ostomate_toilet_list,長崎県 オストメイト対応トイレ県内設置場所一覧,https://www.pref.nagasaki.jp/uploads/2025/06/1750322278.pdf,,195,,
42,長崎県,42204,諫早市,,飯盛ふれあい会館,,,,,,,,,,,,,,,,yes,,,,,,,,,,,,,,,,,,,,ostomate_toilet_list,長崎県 オストメイト対応トイレ県内設置場所一覧,https://www.pref.nagasaki.jp/uploads/2025/06/1750322278.pdf,,196,,
42,長崎県,42204,諫早市,,諫早図書館,,,,,,,,,,,,,,,,yes,,,,,,,,,,,,,,,,,,,,ostomate_toilet_list,長崎県 オストメイト対応トイレ県内設置場所一覧,https://www.pref.nagasaki.jp/uploads/2025/06/1750322278.pdf,,197,,
42,長崎県,42204,諫早市,,諫早駅自由通路,,,,,,,,,,,,,,,,yes,,,,,,,,,,,,,,,,,,,,ostomate_toilet_list,長崎県 オストメイト対応トイレ県内設置場所一覧,https://www.pref.nagasaki.jp/uploads/2025/06/1750322278.pdf,,198,,
42,長崎県,42204,諫早市,,貝津西公園トイレ,,,,,,,,,,,,,,,,yes,,,,,,,,,,,,,,,,,,,,ostomate_toilet_list,長崎県 オストメイト対応トイレ県内設置場所一覧,https://www.pref.nagasaki.jp/uploads/2025/06/1750322278.pdf,,199,,
42,長崎県,42204,諫早市,,諫早市野球場トイレ,,,,,,,,,,,,,,,,yes,,,,,,,,,,,,,,,,,,,,ostomate_toilet_list,長崎県 オストメイト対応トイレ県内設置場所一覧,https://www.pref.nagasaki.jp/uploads/2025/06/1750322278.pdf,,200,,
42,長崎県,42204,諫早市,,喜々津駅前広場公衆便所,,,,,,,,,,,,,,,,yes,,,,,,,,,,,,,,,,,,,,ostomate_toilet_list,長崎県 オストメイト対応トイレ県内設置場所一覧,https://www.pref.nagasaki.jp/uploads/2025/06/1750322278.pdf,,201,,
42,長崎県,42204,諫早市,,諫早市すくすく広場,,,,,,,,,,,,,,,,yes,,,,,,,,,,,,,,,,,,,,ostomate_toilet_list,長崎県 オストメイト対応トイレ県内設置場所一覧,https://www.pref.nagasaki.jp/uploads/2025/06/1750322278.pdf,,202,,
42,長崎県,42204,諫早市,,いさはやスポーツパーク,,,,,,,,,,,,,,,,yes,,,,,,,,,,,,,,,,,,,,ostomate_toilet_list,長崎県 オストメイト対応トイレ県内設置場所一覧,https://www.pref.nagasaki.jp/uploads/2025/06/1750322278.pdf,,203,,
42,長崎県,42204,諫早市,,総合運動公園テニス場管理棟トイレ,,,,,,,,,,,,,,,,yes,,,,,,,,,,,,,,,,,,,,ostomate_toilet_list,長崎県 オストメイト対応トイレ県内設置場所一覧,https://www.pref.nagasaki.jp/uploads/2025/06/1750322278.pdf,,204,,
42,長崎県,42204,諫早市,,長崎県立諫早特別支援学校,,,,,,,,,,,,,,,,yes,,,,,,,,,,,,,,,,,,,,ostomate_toilet_list,長崎県 オストメイト対応トイレ県内設置場所一覧,https://www.pref.nagasaki.jp/uploads/2025/06/1750322278.pdf,,205,,
42,長崎県,42205,大村市,,環境保健研究センター,,,,,,,,,,,,,,,,yes,,,,,,,,,,,,,,,,,,,,ostomate_toilet_list,長崎県 オストメイト対応トイレ県内設置場所一覧,https://www.pref.nagasaki.jp/uploads/2025/06/1750322278.pdf,,206,,
42,長崎県,42205,大村市,,長崎県立ろう学校,,,,,,,,,,,,,,,,yes,,,,,,,,,,,,,,,,,,,,ostomate_toilet_list,長崎県 オストメイト対応トイレ県内設置場所一覧,https://www.pref.nagasaki.jp/uploads/2025/06/1750322278.pdf,,207,,
42,長崎県,42205,大村市,,大村市役所本館,,,,,,,,,,,,,,,,yes,,,,,,,,,,,,,,,,,,,,ostomate_toilet_list,長崎県 オストメイト対応トイレ県内設置場所一覧,https://www.pref.nagasaki.jp/uploads/2025/06/1750322278.pdf,,208,,
42,長崎県,42205,大村市,,シーハットおおむら（スポーツ棟）,,,,,,,,,,,,,,,,yes,,,,,,,,,,,,,,,,,,,,ostomate_toilet_list,長崎県 オストメイト対応トイレ県内設置場所一覧,https://www.pref.nagasaki.jp/uploads/2025/06/1750322278.pdf,,209,,
42,長崎県,42205,大村市,,シーハットおおむら（教養文化棟）,,,,,,,,,,,,,,,,yes,,,,,,,,,,,,,,,,,,,,ostomate_toilet_list,長崎県 オストメイト対応トイレ県内設置場所一覧,https://www.pref.nagasaki.jp/uploads/2025/06/1750322278.pdf,,210,,
42,長崎県,42205,大村市,,郡地区公民館,,,,,,,,,,,,,,,,yes,,,,,,,,,,,,,,,,,,,,ostomate_toilet_list,長崎県 オストメイト対応トイレ県内設置場所一覧,https://www.pref.nagasaki.jp/uploads/2025/06/1750322278.pdf,,211,,
42,長崎県,42205,大村市,,大村市武道館,,,,,,,,,,,,,,,,yes,,,,,,,,,,,,,,,,,,,,ostomate_toilet_list,長崎県 オストメイト対応トイレ県内設置場所一覧,https://www.pref.nagasaki.jp/uploads/2025/06/1750322278.pdf,,212,,
42,長崎県,42205,大村市,,大村市営野球場,,,,,,,,,,,,,,,,yes,,,,,,,,,,,,,,,,,,,,ostomate_toilet_list,長崎県 オストメイト対応トイレ県内設置場所一覧,https://www.pref.nagasaki.jp/uploads/2025/06/1750322278.pdf,,213,,
42,長崎県,42205,大村市,,森園公園,,,,,,,,,,,,,,,,yes,,,,,,,,,,,,,,,,,,,,ostomate_toilet_list,長崎県 オストメイト対応トイレ県内設置場所一覧,https://www.pref.nagasaki.jp/uploads/2025/06/1750322278.pdf,,214,,
42,長崎県,42205,大村市,,野岳湖公園,,,,,,,,,,,,,,,,yes,,,,,,,,,,,,,,,,,,,,ostomate_toilet_list,長崎県 オストメイト対応トイレ県内設置場所一覧,https://www.pref.nagasaki.jp/uploads/2025/06/1750322278.pdf,,215,,
42,長崎県,42205,大村市,,竹松小学校,,,,,,,,,,,,,,,,yes,,,,,,,,,,,,,,,,,,,,ostomate_toilet_list,長崎県 オストメイト対応トイレ県内設置場所一覧,https://www.pref.nagasaki.jp/uploads/2025/06/1750322278.pdf,,216,,
42,長崎県,42205,大村市,,桜が原中学校,,,,,,,,,,,,,,,,yes,,,,,,,,,,,,,,,,,,,,ostomate_toilet_list,長崎県 オストメイト対応トイレ県内設置場所一覧,https://www.pref.nagasaki.jp/uploads/2025/06/1750322278.pdf,,217,,
42,長崎県,42205,大村市,,ＪＲ大村駅,,,,,,,,,,,,,,,,yes,,,,,,,,,,,,,,,,,,,,ostomate_toilet_list,長崎県 オストメイト対応トイレ県内設置場所一覧,https://www.pref.nagasaki.jp/uploads/2025/06/1750322278.pdf,,218,,
42,長崎県,42205,大村市,,長崎空港,,,,,,,,,,,,,,,,yes,,,,,,,,,,,,,,,,,,,,ostomate_toilet_list,長崎県 オストメイト対応トイレ県内設置場所一覧,https://www.pref.nagasaki.jp/uploads/2025/06/1750322278.pdf,,219,,
42,長崎県,42205,大村市,,ホームワイド溝陸店,,,,,,,,,,,,,,,,yes,,,,,,,,,,,,,,,,,,,,ostomate_toilet_list,長崎県 オストメイト対応トイレ県内設置場所一覧,https://www.pref.nagasaki.jp/uploads/2025/06/1750322278.pdf,,220,,
42,長崎県,42205,大村市,,エレナ竹松店,,,,,,,,,,,,,,,,yes,,,,,,,,,,,,,,,,,,,,ostomate_toilet_list,長崎県 オストメイト対応トイレ県内設置場所一覧,https://www.pref.nagasaki.jp/uploads/2025/06/1750322278.pdf,,221,,
42,長崎県,42205,大村市,,大村ボートレース場 １階・２階,,,,,,,,,,,,,,,,yes,,,,,,,,,,,,,,,,,,,,ostomate_toilet_list,長崎県 オストメイト対応トイレ県内設置場所一覧,https://www.pref.nagasaki.jp/uploads/2025/06/1750322278.pdf,,222,,
42,長崎県,42205,大村市,,長崎県立長崎図書館,,,,,,,,,,,,,,,,yes,,,,,,,,,,,,,,,,,,,,ostomate_toilet_list,長崎県 オストメイト対応トイレ県内設置場所一覧,https://www.pref.nagasaki.jp/uploads/2025/06/1750322278.pdf,,223,,
42,長崎県,42205,大村市,,プラザおおむら,,,,,,,,,,,,,,,,yes,,,,,,,,,,,,,,,,,,,,ostomate_toilet_list,長崎県 オストメイト対応トイレ県内設置場所一覧,https://www.pref.nagasaki.jp/uploads/2025/06/1750322278.pdf,,224,,
42,長崎県,42205,大村市,,大村小学校,,,,,,,,,,,,,,,,yes,,,,,,,,,,,,,,,,,,,,ostomate_toilet_list,長崎県 オストメイト対応トイレ県内設置場所一覧,https://www.pref.nagasaki.jp/uploads/2025/06/1750322278.pdf,,225,,
42,長崎県,42205,大村市,,大村市古賀島スポーツ広場,,,,,,,,,,,,,,,,yes,,,,,,,,,,,,,,,,,,,,ostomate_toilet_list,長崎県 オストメイト対応トイレ県内設置場所一覧,https://www.pref.nagasaki.jp/uploads/2025/06/1750322278.pdf,,226,,
42,長崎県,42205,大村市,,道の駅 長崎街道鈴田峠,,,,,,,,,,,,,,,,yes,,,,,,,,,,,,,,,,,,,,ostomate_toilet_list,長崎県 オストメイト対応トイレ県内設置場所一覧,https://www.pref.nagasaki.jp/uploads/2025/06/1750322278.pdf,,227,,
42,長崎県,42205,大村市,,プラットおおむら,,,,,,,,,,,,,,,,yes,,,,,,,,,,,,,,,,,,,,ostomate_toilet_list,長崎県 オストメイト対応トイレ県内設置場所一覧,https://www.pref.nagasaki.jp/uploads/2025/06/1750322278.pdf,,228,,
42,長崎県,42205,大村市,,十八親和銀行大村中央支店,,,,,,,,,,,,,,,,yes,,,,,,,,,,,,,,,,,,,,ostomate_toilet_list,長崎県 オストメイト対応トイレ県内設置場所一覧,https://www.pref.nagasaki.jp/uploads/2025/06/1750322278.pdf,,229,,
42,長崎県,42205,大村市,,大村浄水管理センター,,,,,,,,,,,,,,,,yes,,,,,,,,,,,,,,,,,,,,ostomate_toilet_list,長崎県 オストメイト対応トイレ県内設置場所一覧,https://www.pref.nagasaki.jp/uploads/2025/06/1750322278.pdf,,230,,
42,長崎県,42205,大村市,,大村駅前観光案内所,,,,,,,,,,,,,,,,yes,,,,,,,,,,,,,,,,,,,,ostomate_toilet_list,長崎県 オストメイト対応トイレ県内設置場所一覧,https://www.pref.nagasaki.jp/uploads/2025/06/1750322278.pdf,,231,,
42,長崎県,42205,大村市,,新大村駅観光案内所,,,,,,,,,,,,,,,,yes,,,,,,,,,,,,,,,,,,,,ostomate_toilet_list,長崎県 オストメイト対応トイレ県内設置場所一覧,https://www.pref.nagasaki.jp/uploads/2025/06/1750322278.pdf,,232,,
42,長崎県,42205,大村市,,郡中学校,,,,,,,,,,,,,,,,yes,,,,,,,,,,,,,,,,,,,,ostomate_toilet_list,長崎県 オストメイト対応トイレ県内設置場所一覧,https://www.pref.nagasaki.jp/uploads/2025/06/1750322278.pdf,,233,,
42,長崎県,42205,大村市,,新大村駅西口駅前広場トイレ,,,,,,,,,,,,,,,,yes,,,,,,,,,,,,,,,,,,,,ostomate_toilet_list,長崎県 オストメイト対応トイレ県内設置場所一覧,https://www.pref.nagasaki.jp/uploads/2025/06/1750322278.pdf,,234,,
42,長崎県,42205,大村市,,大村車両基地駅,,,,,,,,,,,,,,,,yes,,,,,,,,,,,,,,,,,,,,ostomate_toilet_list,長崎県 オストメイト対応トイレ県内設置場所一覧,https://www.pref.nagasaki.jp/uploads/2025/06/1750322278.pdf,,235,,
42,長崎県,42205,大村市,,松原出張所,,,,,,,,,,,,,,,,yes,,,,,,,,,,,,,,,,,,,,ostomate_toilet_list,長崎県 オストメイト対応トイレ県内設置場所一覧,https://www.pref.nagasaki.jp/uploads/2025/06/1750322278.pdf,,236,,
42,長崎県,42205,大村市,,福重出張所,,,,,,,,,,,,,,,,yes,,,,,,,,,,,,,,,,,,,,ostomate_toilet_list,長崎県 オストメイト対応トイレ県内設置場所一覧,https://www.pref.nagasaki.jp/uploads/2025/06/1750322278.pdf,,237,,
42,長崎県,42205,大村市,,鈴田出張所,,,,,,,,,,,,,,,,yes,,,,,,,,,,,,,,,,,,,,ostomate_toilet_list,長崎県 オストメイト対応トイレ県内設置場所一覧,https://www.pref.nagasaki.jp/uploads/2025/06/1750322278.pdf,,238,,
42,長崎県,42205,大村市,,中地区公民館,,,,,,,,,,,,,,,,yes,,,,,,,,,,,,,,,,,,,,ostomate_toilet_list,長崎県 オストメイト対応トイレ県内設置場所一覧,https://www.pref.nagasaki.jp/uploads/2025/06/1750322278.pdf,,239,,
42,長崎県,42205,大村市,,大村公園,,,,,,,,,,,,,,,,yes,,,,,,,,,,,,,,,,,,,,ostomate_toilet_list,長崎県 オストメイト対応トイレ県内設置場所一覧,https://www.pref.nagasaki.jp/uploads/2025/06/1750322278.pdf,,240,,
42,長崎県,42205,大村市,,大村市総合運動公園,,,,,,,,,,,,,,,,yes,,,,,,,,,,,,,,,,,,,,ostomate_toilet_list,長崎県 オストメイト対応トイレ県内設置場所一覧,https://www.pref.nagasaki.jp/uploads/2025/06/1750322278.pdf,,241,,
42,長崎県,42207,平戸市,,田平土木維持管理事務所,,,,,,,,,,,,,,,,yes,,,,,,,,,,,,,,,,,,,,ostomate_toilet_list,長崎県 オストメイト対応トイレ県内設置場所一覧,https://www.pref.nagasaki.jp/uploads/2025/06/1750322278.pdf,,242,,
42,長崎県,42207,平戸市,,平戸港交流広場,,,,,,,,,,,,,,,,yes,,,,,,,,,,,,,,,,,,,,ostomate_toilet_list,長崎県 オストメイト対応トイレ県内設置場所一覧,https://www.pref.nagasaki.jp/uploads/2025/06/1750322278.pdf,,243,,
42,長崎県,42207,平戸市,,川内峠インフォメーションセンター,,,,,,,,,,,,,,,,yes,,,,,,,,,,,,,,,,,,,,ostomate_toilet_list,長崎県 オストメイト対応トイレ県内設置場所一覧,https://www.pref.nagasaki.jp/uploads/2025/06/1750322278.pdf,,244,,
42,長崎県,42207,平戸市,,田平港シーサイドエリア活性化施設,,,,,,,,,,,,,,,,yes,,,,,,,,,,,,,,,,,,,,ostomate_toilet_list,長崎県 オストメイト対応トイレ県内設置場所一覧,https://www.pref.nagasaki.jp/uploads/2025/06/1750322278.pdf,,245,,
42,長崎県,42207,平戸市,,神浦地区案内所,,,,,,,,,,,,,,,,yes,,,,,,,,,,,,,,,,,,,,ostomate_toilet_list,長崎県 オストメイト対応トイレ県内設置場所一覧,https://www.pref.nagasaki.jp/uploads/2025/06/1750322278.pdf,,246,,
42,長崎県,42207,平戸市,,平戸中学校校舎,,,,,,,,,,,,,,,,yes,,,,,,,,,,,,,,,,,,,,ostomate_toilet_list,長崎県 オストメイト対応トイレ県内設置場所一覧,https://www.pref.nagasaki.jp/uploads/2025/06/1750322278.pdf,,247,,
42,長崎県,42207,平戸市,,平戸市平戸オランダ商館1639年築造倉庫,,,,,,,,,,,,,,,,yes,,,,,,,,,,,,,,,,,,,,ostomate_toilet_list,長崎県 オストメイト対応トイレ県内設置場所一覧,https://www.pref.nagasaki.jp/uploads/2025/06/1750322278.pdf,,248,,
42,長崎県,42207,平戸市,,平戸市未来創造館,,,,,,,,,,,,,,,,yes,,,,,,,,,,,,,,,,,,,,ostomate_toilet_list,長崎県 オストメイト対応トイレ県内設置場所一覧,https://www.pref.nagasaki.jp/uploads/2025/06/1750322278.pdf,,249,,
42,長崎県,42207,平戸市,,焼罪史跡公園,,,,,,,,,,,,,,,,yes,,,,,,,,,,,,,,,,,,,,ostomate_toilet_list,長崎県 オストメイト対応トイレ県内設置場所一覧,https://www.pref.nagasaki.jp/uploads/2025/06/1750322278.pdf,,250,,
42,長崎県,42207,平戸市,,平戸市役所大島支所庁舎１階,,,,,,,,,,,,,,,,yes,,,,,,,,,,,,,,,,,,,,ostomate_toilet_list,長崎県 オストメイト対応トイレ県内設置場所一覧,https://www.pref.nagasaki.jp/uploads/2025/06/1750322278.pdf,,251,,
42,長崎県,42207,平戸市,,松浦鉄道 たびら平戸口駅,,,,,,,,,,,,,,,,yes,,,,,,,,,,,,,,,,,,,,ostomate_toilet_list,長崎県 オストメイト対応トイレ県内設置場所一覧,https://www.pref.nagasaki.jp/uploads/2025/06/1750322278.pdf,,252,,
42,長崎県,42207,平戸市,,ふれあい広場（舘浦地区公衆便所）,,,,,,,,,,,,,,,,yes,,,,,,,,,,,,,,,,,,,,ostomate_toilet_list,長崎県 オストメイト対応トイレ県内設置場所一覧,https://www.pref.nagasaki.jp/uploads/2025/06/1750322278.pdf,,253,,
42,長崎県,42207,平戸市,,一六海水浴場,,,,,,,,,,,,,,,,yes,,,,,,,,,,,,,,,,,,,,ostomate_toilet_list,長崎県 オストメイト対応トイレ県内設置場所一覧,https://www.pref.nagasaki.jp/uploads/2025/06/1750322278.pdf,,254,,
42,長崎県,42207,平戸市,,たびら昆虫自然園,,,,,,,,,,,,,,,,yes,,,,,,,,,,,,,,,,,,,,ostomate_toilet_list,長崎県 オストメイト対応トイレ県内設置場所一覧,https://www.pref.nagasaki.jp/uploads/2025/06/1750322278.pdf,,255,,
42,長崎県,42207,平戸市,,平戸市春日集落拠点施設かたりな,,,,,,,,,,,,,,,,yes,,,,,,,,,,,,,,,,,,,,ostomate_toilet_list,長崎県 オストメイト対応トイレ県内設置場所一覧,https://www.pref.nagasaki.jp/uploads/2025/06/1750322278.pdf,,256,,
42,長崎県,42207,平戸市,,道の駅 昆虫の里たびら,,,,,,,,,,,,,,,,yes,,,,,,,,,,,,,,,,,,,,ostomate_toilet_list,長崎県 オストメイト対応トイレ県内設置場所一覧,https://www.pref.nagasaki.jp/uploads/2025/06/1750322278.pdf,,257,,
42,長崎県,42207,平戸市,,平戸文化センター,,,,,,,,,,,,,,,,yes,,,,,,,,,,,,,,,,,,,,ostomate_toilet_list,長崎県 オストメイト対応トイレ県内設置場所一覧,https://www.pref.nagasaki.jp/uploads/2025/06/1750322278.pdf,,258,,
42,長崎県,42208,松浦市,,今福交通待合所,,,,,,,,,,,,,,,,yes,,,,,,,,,,,,,,,,,,,,ostomate_toilet_list,長崎県 オストメイト対応トイレ県内設置場所一覧,https://www.pref.nagasaki.jp/uploads/2025/06/1750322278.pdf,,259,,
42,長崎県,42208,松浦市,,梶谷城跡,,,,,,,,,,,,,,,,yes,,,,,,,,,,,,,,,,,,,,ostomate_toilet_list,長崎県 オストメイト対応トイレ県内設置場所一覧,https://www.pref.nagasaki.jp/uploads/2025/06/1750322278.pdf,,260,,
42,長崎県,42208,松浦市,,御厨小学校,,,,,,,,,,,,,,,,yes,,,,,,,,,,,,,,,,,,,,ostomate_toilet_list,長崎県 オストメイト対応トイレ県内設置場所一覧,https://www.pref.nagasaki.jp/uploads/2025/06/1750322278.pdf,,261,,
42,長崎県,42208,松浦市,,東部交流センター,,,,,,,,,,,,,,,,yes,,,,,,,,,,,,,,,,,,,,ostomate_toilet_list,長崎県 オストメイト対応トイレ県内設置場所一覧,https://www.pref.nagasaki.jp/uploads/2025/06/1750322278.pdf,,262,,
42,長崎県,42208,松浦市,,ほの香の宿つばき荘,,,,,,,,,,,,,,,,yes,,,,,,,,,,,,,,,,,,,,ostomate_toilet_list,長崎県 オストメイト対応トイレ県内設置場所一覧,https://www.pref.nagasaki.jp/uploads/2025/06/1750322278.pdf,,263,,
42,長崎県,42208,松浦市,,松浦市こどものいえ（志佐）,,,,,,,,,,,,,,,,yes,,,,,,,,,,,,,,,,,,,,ostomate_toilet_list,長崎県 オストメイト対応トイレ県内設置場所一覧,https://www.pref.nagasaki.jp/uploads/2025/06/1750322278.pdf,,264,,
42,長崎県,42208,松浦市,,道の駅 松浦海のふるさと館（志佐漁港野外トイレ）,,,,,,,,,,,,,,,,yes,,,,,,,,,,,,,,,,,,,,ostomate_toilet_list,長崎県 オストメイト対応トイレ県内設置場所一覧,https://www.pref.nagasaki.jp/uploads/2025/06/1750322278.pdf,,265,,
42,長崎県,42208,松浦市,,星鹿小学校,,,,,,,,,,,,,,,,yes,,,,,,,,,,,,,,,,,,,,ostomate_toilet_list,長崎県 オストメイト対応トイレ県内設置場所一覧,https://www.pref.nagasaki.jp/uploads/2025/06/1750322278.pdf,,266,,
42,長崎県,42208,松浦市,,福島養源小学校,,,,,,,,,,,,,,,,yes,,,,,,,,,,,,,,,,,,,,ostomate_toilet_list,長崎県 オストメイト対応トイレ県内設置場所一覧,https://www.pref.nagasaki.jp/uploads/2025/06/1750322278.pdf,,267,,
42,長崎県,42208,松浦市,,松浦市消防本部,,,,,,,,,,,,,,,,yes,,,,,,,,,,,,,,,,,,,,ostomate_toilet_list,長崎県 オストメイト対応トイレ県内設置場所一覧,https://www.pref.nagasaki.jp/uploads/2025/06/1750322278.pdf,,268,,
42,長崎県,42208,松浦市,,道の駅 鷹ら島（松浦市鷹島地域交流施設）,,,,,,,,,,,,,,,,yes,,,,,,,,,,,,,,,,,,,,ostomate_toilet_list,長崎県 オストメイト対応トイレ県内設置場所一覧,https://www.pref.nagasaki.jp/uploads/2025/06/1750322278.pdf,,269,,
42,長崎県,42208,松浦市,,松浦市福島地域農水産物等直売施設 とれたて福の島,,,,,,,,,,,,,,,,yes,,,,,,,,,,,,,,,,,,,,ostomate_toilet_list,長崎県 オストメイト対応トイレ県内設置場所一覧,https://www.pref.nagasaki.jp/uploads/2025/06/1750322278.pdf,,270,,
42,長崎県,42208,松浦市,,松浦市野球場,,,,,,,,,,,,,,,,yes,,,,,,,,,,,,,,,,,,,,ostomate_toilet_list,長崎県 オストメイト対応トイレ県内設置場所一覧,https://www.pref.nagasaki.jp/uploads/2025/06/1750322278.pdf,,271,,
42,長崎県,42208,松浦市,,松浦市市民福祉総合プラザ,,,,,,,,,,,,,,,,yes,,,,,,,,,,,,,,,,,,,,ostomate_toilet_list,長崎県 オストメイト対応トイレ県内設置場所一覧,https://www.pref.nagasaki.jp/uploads/2025/06/1750322278.pdf,,272,,
42,長崎県,42208,松浦市,,松浦市立調川公民館,,,,,,,,,,,,,,,,yes,,,,,,,,,,,,,,,,,,,,ostomate_toilet_list,長崎県 オストメイト対応トイレ県内設置場所一覧,https://www.pref.nagasaki.jp/uploads/2025/06/1750322278.pdf,,273,,
42,長崎県,42208,松浦市,,松浦市地方卸売市場 松浦魚市場 事務所棟,,,,,,,,,,,,,,,,yes,,,,,,,,,,,,,,,,,,,,ostomate_toilet_list,長崎県 オストメイト対応トイレ県内設置場所一覧,https://www.pref.nagasaki.jp/uploads/2025/06/1750322278.pdf,,274,,
42,長崎県,42208,松浦市,,御厨中学校屋内運動場,,,,,,,,,,,,,,,,yes,,,,,,,,,,,,,,,,,,,,ostomate_toilet_list,長崎県 オストメイト対応トイレ県内設置場所一覧,https://www.pref.nagasaki.jp/uploads/2025/06/1750322278.pdf,,275,,
42,長崎県,42208,松浦市,,志佐中学校屋内運動場,,,,,,,,,,,,,,,,yes,,,,,,,,,,,,,,,,,,,,ostomate_toilet_list,長崎県 オストメイト対応トイレ県内設置場所一覧,https://www.pref.nagasaki.jp/uploads/2025/06/1750322278.pdf,,276,,
42,長崎県,42208,松浦市,,鷹島小学校校舎,,,,,,,,,,,,,,,,yes,,,,,,,,,,,,,,,,,,,,ostomate_toilet_list,長崎県 オストメイト対応トイレ県内設置場所一覧,https://www.pref.nagasaki.jp/uploads/2025/06/1750322278.pdf,,277,,
42,長崎県,42209,対馬市,,八幡宮神社,,,,,,,,,,,,,,,,yes,,,,,,,,,,,,,,,,,,,,ostomate_toilet_list,長崎県 オストメイト対応トイレ県内設置場所一覧,https://www.pref.nagasaki.jp/uploads/2025/06/1750322278.pdf,,278,,
42,長崎県,42209,対馬市,,長崎県対馬病院,,,,,,,,,,,,,,,,yes,,,,,,,,,,,,,,,,,,,,ostomate_toilet_list,長崎県 オストメイト対応トイレ県内設置場所一覧,https://www.pref.nagasaki.jp/uploads/2025/06/1750322278.pdf,,279,,
42,長崎県,42209,対馬市,,長崎県対馬病院 ホスピタルストリート １階,,,,,,,,,,,,,,,,yes,,,,,,,,,,,,,,,,,,,,ostomate_toilet_list,長崎県 オストメイト対応トイレ県内設置場所一覧,https://www.pref.nagasaki.jp/uploads/2025/06/1750322278.pdf,,280,,
42,長崎県,42209,対馬市,,長崎県対馬病院 ３階東病棟,,,,,,,,,,,,,,,,yes,,,,,,,,,,,,,,,,,,,,ostomate_toilet_list,長崎県 オストメイト対応トイレ県内設置場所一覧,https://www.pref.nagasaki.jp/uploads/2025/06/1750322278.pdf,,281,,
42,長崎県,42209,対馬市,,長崎県対馬病院 ４階西病棟,,,,,,,,,,,,,,,,yes,,,,,,,,,,,,,,,,,,,,ostomate_toilet_list,長崎県 オストメイト対応トイレ県内設置場所一覧,https://www.pref.nagasaki.jp/uploads/2025/06/1750322278.pdf,,282,,
42,長崎県,42209,対馬市,,長崎県対馬病院 ５階西病棟,,,,,,,,,,,,,,,,yes,,,,,,,,,,,,,,,,,,,,ostomate_toilet_list,長崎県 オストメイト対応トイレ県内設置場所一覧,https://www.pref.nagasaki.jp/uploads/2025/06/1750322278.pdf,,283,,
42,長崎県,42209,対馬市,,神話の里トイレ,,,,,,,,,,,,,,,,yes,,,,,,,,,,,,,,,,,,,,ostomate_toilet_list,長崎県 オストメイト対応トイレ県内設置場所一覧,https://www.pref.nagasaki.jp/uploads/2025/06/1750322278.pdf,,284,,
42,長崎県,42209,対馬市,,厳原港国内ターミナル,,,,,,,,,,,,,,,,yes,,,,,,,,,,,,,,,,,,,,ostomate_toilet_list,長崎県 オストメイト対応トイレ県内設置場所一覧,https://www.pref.nagasaki.jp/uploads/2025/06/1750322278.pdf,,285,,
42,長崎県,42209,対馬市,,比田勝港国内ターミナル,,,,,,,,,,,,,,,,yes,,,,,,,,,,,,,,,,,,,,ostomate_toilet_list,長崎県 オストメイト対応トイレ県内設置場所一覧,https://www.pref.nagasaki.jp/uploads/2025/06/1750322278.pdf,,286,,
42,長崎県,42209,対馬市,,比田勝港国際ターミナル,,,,,,,,,,,,,,,,yes,,,,,,,,,,,,,,,,,,,,ostomate_toilet_list,長崎県 オストメイト対応トイレ県内設置場所一覧,https://www.pref.nagasaki.jp/uploads/2025/06/1750322278.pdf,,287,,
42,長崎県,42209,対馬市,,対馬博物館,,,,,,,,,,,,,,,,yes,,,,,,,,,,,,,,,,,,,,ostomate_toilet_list,長崎県 オストメイト対応トイレ県内設置場所一覧,https://www.pref.nagasaki.jp/uploads/2025/06/1750322278.pdf,,288,,
42,長崎県,42209,対馬市,,東横イン対馬比田勝,,,,,,,,,,,,,,,,yes,,,,,,,,,,,,,,,,,,,,ostomate_toilet_list,長崎県 オストメイト対応トイレ県内設置場所一覧,https://www.pref.nagasaki.jp/uploads/2025/06/1750322278.pdf,,289,,
42,長崎県,42209,対馬市,,対馬やまねこ空港,,,,,,,,,,,,,,,,yes,,,,,,,,,,,,,,,,,,,,ostomate_toilet_list,長崎県 オストメイト対応トイレ県内設置場所一覧,https://www.pref.nagasaki.jp/uploads/2025/06/1750322278.pdf,,290,,
42,長崎県,42209,対馬市,,長崎県立虹の原特別支援学校（対馬分教室）,,,,,,,,,,,,,,,,yes,,,,,,,,,,,,,,,,,,,,ostomate_toilet_list,長崎県 オストメイト対応トイレ県内設置場所一覧,https://www.pref.nagasaki.jp/uploads/2025/06/1750322278.pdf,,291,,
42,長崎県,42210,壱岐市,,壱岐市立一支国博物館,,,,,,,,,,,,,,,,yes,,,,,,,,,,,,,,,,,,,,ostomate_toilet_list,長崎県 オストメイト対応トイレ県内設置場所一覧,https://www.pref.nagasaki.jp/uploads/2025/06/1750322278.pdf,,292,,
42,長崎県,42210,壱岐市,,長崎県壱岐病院,,,,,,,,,,,,,,,,yes,,,,,,,,,,,,,,,,,,,,ostomate_toilet_list,長崎県 オストメイト対応トイレ県内設置場所一覧,https://www.pref.nagasaki.jp/uploads/2025/06/1750322278.pdf,,293,,
42,長崎県,42210,壱岐市,,壱岐市役所 本庁舎,,,,,,,,,,,,,,,,yes,,,,,,,,,,,,,,,,,,,,ostomate_toilet_list,長崎県 オストメイト対応トイレ県内設置場所一覧,https://www.pref.nagasaki.jp/uploads/2025/06/1750322278.pdf,,294,,
42,長崎県,42210,壱岐市,,壱岐市役所 勝本庁舎,,,,,,,,,,,,,,,,yes,,,,,,,,,,,,,,,,,,,,ostomate_toilet_list,長崎県 オストメイト対応トイレ県内設置場所一覧,https://www.pref.nagasaki.jp/uploads/2025/06/1750322278.pdf,,295,,
42,長崎県,42210,壱岐市,,壱岐市役所 芦辺庁舎,,,,,,,,,,,,,,,,yes,,,,,,,,,,,,,,,,,,,,ostomate_toilet_list,長崎県 オストメイト対応トイレ県内設置場所一覧,https://www.pref.nagasaki.jp/uploads/2025/06/1750322278.pdf,,296,,
42,長崎県,42210,壱岐市,,壱岐市役所 石田庁舎,,,,,,,,,,,,,,,,yes,,,,,,,,,,,,,,,,,,,,ostomate_toilet_list,長崎県 オストメイト対応トイレ県内設置場所一覧,https://www.pref.nagasaki.jp/uploads/2025/06/1750322278.pdf,,297,,
42,長崎県,42210,壱岐市,,壱岐風土記の丘,,,,,,,,,,,,,,,,yes,,,,,,,,,,,,,,,,,,,,ostomate_toilet_list,長崎県 オストメイト対応トイレ県内設置場所一覧,https://www.pref.nagasaki.jp/uploads/2025/06/1750322278.pdf,,298,,
42,長崎県,42210,壱岐市,,印通寺港,,,,,,,,,,,,,,,,yes,,,,,,,,,,,,,,,,,,,,ostomate_toilet_list,長崎県 オストメイト対応トイレ県内設置場所一覧,https://www.pref.nagasaki.jp/uploads/2025/06/1750322278.pdf,,299,,
42,長崎県,42211,五島市,,五島市役所,,,,,,,,,,,,,,,,yes,,,,,,,,,,,,,,,,,,,,ostomate_toilet_list,長崎県 オストメイト対応トイレ県内設置場所一覧,https://www.pref.nagasaki.jp/uploads/2025/06/1750322278.pdf,,300,,
42,長崎県,42211,五島市,,五島市福祉総合福祉保健センター,,,,,,,,,,,,,,,,yes,,,,,,,,,,,,,,,,,,,,ostomate_toilet_list,長崎県 オストメイト対応トイレ県内設置場所一覧,https://www.pref.nagasaki.jp/uploads/2025/06/1750322278.pdf,,301,,
42,長崎県,42211,五島市,,堂崎公衆トイレ,,,,,,,,,,,,,,,,yes,,,,,,,,,,,,,,,,,,,,ostomate_toilet_list,長崎県 オストメイト対応トイレ県内設置場所一覧,https://www.pref.nagasaki.jp/uploads/2025/06/1750322278.pdf,,302,,
42,長崎県,42211,五島市,,五島市立福江小学校,,,,,,,,,,,,,,,,yes,,,,,,,,,,,,,,,,,,,,ostomate_toilet_list,長崎県 オストメイト対応トイレ県内設置場所一覧,https://www.pref.nagasaki.jp/uploads/2025/06/1750322278.pdf,,303,,
42,長崎県,42211,五島市,,オサダ福江店,,,,,,,,,,,,,,,,yes,,,,,,,,,,,,,,,,,,,,ostomate_toilet_list,長崎県 オストメイト対応トイレ県内設置場所一覧,https://www.pref.nagasaki.jp/uploads/2025/06/1750322278.pdf,,304,,
42,長崎県,42211,五島市,,長崎県五島中央病院附属診療所奈留医療センター,,,,,,,,,,,,,,,,yes,,,,,,,,,,,,,,,,,,,,ostomate_toilet_list,長崎県 オストメイト対応トイレ県内設置場所一覧,https://www.pref.nagasaki.jp/uploads/2025/06/1750322278.pdf,,305,,
42,長崎県,42211,五島市,,長崎県五島中央病院 外来化学療法室,,,,,,,,,,,,,,,,yes,,,,,,,,,,,,,,,,,,,,ostomate_toilet_list,長崎県 オストメイト対応トイレ県内設置場所一覧,https://www.pref.nagasaki.jp/uploads/2025/06/1750322278.pdf,,306,,
42,長崎県,42211,五島市,,GOTO TSUBAKI HOTEL,,,,,,,,,,,,,,,,yes,,,,,,,,,,,,,,,,,,,,ostomate_toilet_list,長崎県 オストメイト対応トイレ県内設置場所一覧,https://www.pref.nagasaki.jp/uploads/2025/06/1750322278.pdf,,307,,
42,長崎県,42211,五島市,,五島市三井楽支所庁舎,,,,,,,,,,,,,,,,yes,,,,,,,,,,,,,,,,,,,,ostomate_toilet_list,長崎県 オストメイト対応トイレ県内設置場所一覧,https://www.pref.nagasaki.jp/uploads/2025/06/1750322278.pdf,,308,,
42,長崎県,42211,五島市,,五島市奈留支所庁舎,,,,,,,,,,,,,,,,yes,,,,,,,,,,,,,,,,,,,,ostomate_toilet_list,長崎県 オストメイト対応トイレ県内設置場所一覧,https://www.pref.nagasaki.jp/uploads/2025/06/1750322278.pdf,,309,,
42,長崎県,42211,五島市,,五島市立図書館,,,,,,,,,,,,,,,,yes,,,,,,,,,,,,,,,,,,,,ostomate_toilet_list,長崎県 オストメイト対応トイレ県内設置場所一覧,https://www.pref.nagasaki.jp/uploads/2025/06/1750322278.pdf,,310,,
42,長崎県,42211,五島市,,鐙瀬ビジターセンター,,,,,,,,,,,,,,,,yes,,,,,,,,,,,,,,,,,,,,ostomate_toilet_list,長崎県 オストメイト対応トイレ県内設置場所一覧,https://www.pref.nagasaki.jp/uploads/2025/06/1750322278.pdf,,311,,
42,長崎県,42211,五島市,,鐙瀬東公園駐車場,,,,,,,,,,,,,,,,yes,,,,,,,,,,,,,,,,,,,,ostomate_toilet_list,長崎県 オストメイト対応トイレ県内設置場所一覧,https://www.pref.nagasaki.jp/uploads/2025/06/1750322278.pdf,,312,,
42,長崎県,42211,五島市,,久賀島基幹トイレ,,,,,,,,,,,,,,,,yes,,,,,,,,,,,,,,,,,,,,ostomate_toilet_list,長崎県 オストメイト対応トイレ県内設置場所一覧,https://www.pref.nagasaki.jp/uploads/2025/06/1750322278.pdf,,313,,
42,長崎県,42211,五島市,,久賀島観光交流拠点センター,,,,,,,,,,,,,,,,yes,,,,,,,,,,,,,,,,,,,,ostomate_toilet_list,長崎県 オストメイト対応トイレ県内設置場所一覧,https://www.pref.nagasaki.jp/uploads/2025/06/1750322278.pdf,,314,,
42,長崎県,42211,五島市,,カラリト五島列島,,,,,,,,,,,,,,,,yes,,,,,,,,,,,,,,,,,,,,ostomate_toilet_list,長崎県 オストメイト対応トイレ県内設置場所一覧,https://www.pref.nagasaki.jp/uploads/2025/06/1750322278.pdf,,315,,
42,長崎県,42211,五島市,,玉之浦観光トイレ,,,,,,,,,,,,,,,,yes,,,,,,,,,,,,,,,,,,,,ostomate_toilet_list,長崎県 オストメイト対応トイレ県内設置場所一覧,https://www.pref.nagasaki.jp/uploads/2025/06/1750322278.pdf,,316,,
42,長崎県,42212,西海市,,長崎県立大崎高等学校,,,,,,,,,,,,,,,,yes,,,,,,,,,,,,,,,,,,,,ostomate_toilet_list,長崎県 オストメイト対応トイレ県内設置場所一覧,https://www.pref.nagasaki.jp/uploads/2025/06/1750322278.pdf,,317,,
42,長崎県,42212,西海市,,西海市役所,,,,,,,,,,,,,,,,yes,,,,,,,,,,,,,,,,,,,,ostomate_toilet_list,長崎県 オストメイト対応トイレ県内設置場所一覧,https://www.pref.nagasaki.jp/uploads/2025/06/1750322278.pdf,,318,,
42,長崎県,42212,西海市,,瀬戸港フェリーターミナル,,,,,,,,,,,,,,,,yes,,,,,,,,,,,,,,,,,,,,ostomate_toilet_list,長崎県 オストメイト対応トイレ県内設置場所一覧,https://www.pref.nagasaki.jp/uploads/2025/06/1750322278.pdf,,319,,
42,長崎県,42212,西海市,,西海北中学校,,,,,,,,,,,,,,,,yes,,,,,,,,,,,,,,,,,,,,ostomate_toilet_list,長崎県 オストメイト対応トイレ県内設置場所一覧,https://www.pref.nagasaki.jp/uploads/2025/06/1750322278.pdf,,320,,
42,長崎県,42212,西海市,,西海市療育支援相談センター,,,,,,,,,,,,,,,,yes,,,,,,,,,,,,,,,,,,,,ostomate_toilet_list,長崎県 オストメイト対応トイレ県内設置場所一覧,https://www.pref.nagasaki.jp/uploads/2025/06/1750322278.pdf,,321,,
42,長崎県,42212,西海市,,西海橋公園 西海の丘駐車場トイレ,,,,,,,,,,,,,,,,yes,,,,,,,,,,,,,,,,,,,,ostomate_toilet_list,長崎県 オストメイト対応トイレ県内設置場所一覧,https://www.pref.nagasaki.jp/uploads/2025/06/1750322278.pdf,,322,,
42,長崎県,42212,西海市,,道の駅 さいかい,,,,,,,,,,,,,,,,yes,,,,,,,,,,,,,,,,,,,,ostomate_toilet_list,長崎県 オストメイト対応トイレ県内設置場所一覧,https://www.pref.nagasaki.jp/uploads/2025/06/1750322278.pdf,,323,,
42,長崎県,42212,西海市,,大島総合支所,,,,,,,,,,,,,,,,yes,,,,,,,,,,,,,,,,,,,,ostomate_toilet_list,長崎県 オストメイト対応トイレ県内設置場所一覧,https://www.pref.nagasaki.jp/uploads/2025/06/1750322278.pdf,,324,,
42,長崎県,42212,西海市,,西海市西海保健センター,,,,,,,,,,,,,,,,yes,,,,,,,,,,,,,,,,,,,,ostomate_toilet_list,長崎県 オストメイト対応トイレ県内設置場所一覧,https://www.pref.nagasaki.jp/uploads/2025/06/1750322278.pdf,,325,,
42,長崎県,42212,西海市,,西海市大島保健センター,,,,,,,,,,,,,,,,yes,,,,,,,,,,,,,,,,,,,,ostomate_toilet_list,長崎県 オストメイト対応トイレ県内設置場所一覧,https://www.pref.nagasaki.jp/uploads/2025/06/1750322278.pdf,,326,,
42,長崎県,42212,西海市,,西海市大瀬戸保健センター,,,,,,,,,,,,,,,,yes,,,,,,,,,,,,,,,,,,,,ostomate_toilet_list,長崎県 オストメイト対応トイレ県内設置場所一覧,https://www.pref.nagasaki.jp/uploads/2025/06/1750322278.pdf,,327,,
42,長崎県,42212,西海市,,西海市リサイクルセンター １Ｆ事務所,,,,,,,,,,,,,,,,yes,,,,,,,,,,,,,,,,,,,,ostomate_toilet_list,長崎県 オストメイト対応トイレ県内設置場所一覧,https://www.pref.nagasaki.jp/uploads/2025/06/1750322278.pdf,,328,,
42,長崎県,42212,西海市,,ときわ台小学校 １F多目的トイレ,,,,,,,,,,,,,,,,yes,,,,,,,,,,,,,,,,,,,,ostomate_toilet_list,長崎県 オストメイト対応トイレ県内設置場所一覧,https://www.pref.nagasaki.jp/uploads/2025/06/1750322278.pdf,,329,,
42,長崎県,42212,西海市,,大串小学校 １F多目的トイレ,,,,,,,,,,,,,,,,yes,,,,,,,,,,,,,,,,,,,,ostomate_toilet_list,長崎県 オストメイト対応トイレ県内設置場所一覧,https://www.pref.nagasaki.jp/uploads/2025/06/1750322278.pdf,,330,,
42,長崎県,42212,西海市,,西海東小学校 １F多目的トイレ,,,,,,,,,,,,,,,,yes,,,,,,,,,,,,,,,,,,,,ostomate_toilet_list,長崎県 オストメイト対応トイレ県内設置場所一覧,https://www.pref.nagasaki.jp/uploads/2025/06/1750322278.pdf,,331,,
42,長崎県,42212,西海市,,大崎小学校 １F多目的トイレ,,,,,,,,,,,,,,,,yes,,,,,,,,,,,,,,,,,,,,ostomate_toilet_list,長崎県 オストメイト対応トイレ県内設置場所一覧,https://www.pref.nagasaki.jp/uploads/2025/06/1750322278.pdf,,332,,
42,長崎県,42212,西海市,,江島小中学校 多目的トイレ,,,,,,,,,,,,,,,,yes,,,,,,,,,,,,,,,,,,,,ostomate_toilet_list,長崎県 オストメイト対応トイレ県内設置場所一覧,https://www.pref.nagasaki.jp/uploads/2025/06/1750322278.pdf,,333,,
42,長崎県,42212,西海市,,西海北中学校,,,,,,,,,,,,,,,,yes,,,,,,,,,,,,,,,,,,,,ostomate_toilet_list,長崎県 オストメイト対応トイレ県内設置場所一覧,https://www.pref.nagasaki.jp/uploads/2025/06/1750322278.pdf,,334,,
42,長崎県,42212,西海市,,大瀬戸コミュニティセンター,,,,,,,,,,,,,,,,yes,,,,,,,,,,,,,,,,,,,,ostomate_toilet_list,長崎県 オストメイト対応トイレ県内設置場所一覧,https://www.pref.nagasaki.jp/uploads/2025/06/1750322278.pdf,,335,,
42,長崎県,42213,雲仙市,,古湯駐車場公衆便所,,,,,,,,,,,,,,,,yes,,,,,,,,,,,,,,,,,,,,ostomate_toilet_list,長崎県 オストメイト対応トイレ県内設置場所一覧,https://www.pref.nagasaki.jp/uploads/2025/06/1750322278.pdf,,336,,
42,長崎県,42213,雲仙市,,雲仙市役所 ふるさと会館,,,,,,,,,,,,,,,,yes,,,,,,,,,,,,,,,,,,,,ostomate_toilet_list,長崎県 オストメイト対応トイレ県内設置場所一覧,https://www.pref.nagasaki.jp/uploads/2025/06/1750322278.pdf,,337,,
42,長崎県,42213,雲仙市,,雲仙市小浜総合支所,,,,,,,,,,,,,,,,yes,,,,,,,,,,,,,,,,,,,,ostomate_toilet_list,長崎県 オストメイト対応トイレ県内設置場所一覧,https://www.pref.nagasaki.jp/uploads/2025/06/1750322278.pdf,,338,,
42,長崎県,42213,雲仙市,,愛野記念病院,,,,,,,,,,,,,,,,yes,,,,,,,,,,,,,,,,,,,,ostomate_toilet_list,長崎県 オストメイト対応トイレ県内設置場所一覧,https://www.pref.nagasaki.jp/uploads/2025/06/1750322278.pdf,,339,,
42,長崎県,42213,雲仙市,,雲仙市国見総合支所,,,,,,,,,,,,,,,,yes,,,,,,,,,,,,,,,,,,,,ostomate_toilet_list,長崎県 オストメイト対応トイレ県内設置場所一覧,https://www.pref.nagasaki.jp/uploads/2025/06/1750322278.pdf,,340,,
42,長崎県,42213,雲仙市,,雲仙市国見町文化会館,,,,,,,,,,,,,,,,yes,,,,,,,,,,,,,,,,,,,,ostomate_toilet_list,長崎県 オストメイト対応トイレ県内設置場所一覧,https://www.pref.nagasaki.jp/uploads/2025/06/1750322278.pdf,,341,,
42,長崎県,42213,雲仙市,,雲仙市役所,,,,,,,,,,,,,,,,yes,,,,,,,,,,,,,,,,,,,,ostomate_toilet_list,長崎県 オストメイト対応トイレ県内設置場所一覧,https://www.pref.nagasaki.jp/uploads/2025/06/1750322278.pdf,,342,,
42,長崎県,42213,雲仙市,,愛の夢未来センター,,,,,,,,,,,,,,,,yes,,,,,,,,,,,,,,,,,,,,ostomate_toilet_list,長崎県 オストメイト対応トイレ県内設置場所一覧,https://www.pref.nagasaki.jp/uploads/2025/06/1750322278.pdf,,343,,
42,長崎県,42213,雲仙市,,雲仙市千々石総合支所,,,,,,,,,,,,,,,,yes,,,,,,,,,,,,,,,,,,,,ostomate_toilet_list,長崎県 オストメイト対応トイレ県内設置場所一覧,https://www.pref.nagasaki.jp/uploads/2025/06/1750322278.pdf,,344,,
42,長崎県,42213,雲仙市,,雲仙市南串山図書館,,,,,,,,,,,,,,,,yes,,,,,,,,,,,,,,,,,,,,ostomate_toilet_list,長崎県 オストメイト対応トイレ県内設置場所一覧,https://www.pref.nagasaki.jp/uploads/2025/06/1750322278.pdf,,345,,
42,長崎県,42213,雲仙市,,長崎カステラランド,,,,,,,,,,,,,,,,yes,,,,,,,,,,,,,,,,,,,,ostomate_toilet_list,長崎県 オストメイト対応トイレ県内設置場所一覧,https://www.pref.nagasaki.jp/uploads/2025/06/1750322278.pdf,,346,,
42,長崎県,42213,雲仙市,,ディスカウントドラッグコスモス 雲仙市役所前店,,,,,,,,,,,,,,,,unknown,,,,,,,,,,,,,,,,,,,,ostomate_toilet_list,長崎県 オストメイト対応トイレ県内設置場所一覧,https://www.pref.nagasaki.jp/uploads/2025/06/1750322278.pdf,,347,ostomate_status=partial; dedicated_sink_absent; shower_only,※専用流し場なし。シャワーのみ。
42,長崎県,42213,雲仙市,,雲仙お山の情報館,,,,,,,,,,,,,,,,yes,,,,,,,,,,,,,,,,,,,,ostomate_toilet_list,長崎県 オストメイト対応トイレ県内設置場所一覧,https://www.pref.nagasaki.jp/uploads/2025/06/1750322278.pdf,,348,,
42,長崎県,42213,雲仙市,,雲仙第２駐車場(新湯共同浴場前）,,,,,,,,,,,,,,,,yes,,,,,,,,,,,,,,,,,,,,ostomate_toilet_list,長崎県 オストメイト対応トイレ県内設置場所一覧,https://www.pref.nagasaki.jp/uploads/2025/06/1750322278.pdf,,349,,
42,長崎県,42213,雲仙市,,雲仙野岳駐車場,,,,,,,,,,,,,,,,yes,,,,,,,,,,,,,,,,,,,,ostomate_toilet_list,長崎県 オストメイト対応トイレ県内設置場所一覧,https://www.pref.nagasaki.jp/uploads/2025/06/1750322278.pdf,,350,,
42,長崎県,42213,雲仙市,,尾茂浜憩いの広場,,,,,,,,,,,,,,,,yes,,,,,,,,,,,,,,,,,,,,ostomate_toilet_list,長崎県 オストメイト対応トイレ県内設置場所一覧,https://www.pref.nagasaki.jp/uploads/2025/06/1750322278.pdf,,351,,
42,長崎県,42213,雲仙市,,雲仙市神代小路まちなみ交流館,,,,,,,,,,,,,,,,yes,,,,,,,,,,,,,,,,,,,,ostomate_toilet_list,長崎県 オストメイト対応トイレ県内設置場所一覧,https://www.pref.nagasaki.jp/uploads/2025/06/1750322278.pdf,,352,,
42,長崎県,42213,雲仙市,,雲仙市瑞穂総合支所・雲仙市瑞穂町公民館,,,,,,,,,,,,,,,,yes,,,,,,,,,,,,,,,,,,,,ostomate_toilet_list,長崎県 オストメイト対応トイレ県内設置場所一覧,https://www.pref.nagasaki.jp/uploads/2025/06/1750322278.pdf,,353,,
42,長崎県,42213,雲仙市,,雲仙市小浜体育館,,,,,,,,,,,,,,,,yes,,,,,,,,,,,,,,,,,,,,ostomate_toilet_list,長崎県 オストメイト対応トイレ県内設置場所一覧,https://www.pref.nagasaki.jp/uploads/2025/06/1750322278.pdf,,354,,
42,長崎県,42213,雲仙市,,百花台公園 第８駐車場 屋外トイレ,,,,,,,,,,,,,,,,yes,,,,,,,,,,,,,,,,,,,,ostomate_toilet_list,長崎県 オストメイト対応トイレ県内設置場所一覧,https://www.pref.nagasaki.jp/uploads/2025/06/1750322278.pdf,,355,,
42,長崎県,42214,南島原市,,論所原野営場トイレ・サニタリー,,,,,,,,,,,,,,,,yes,,,,,,,,,,,,,,,,,,,,ostomate_toilet_list,長崎県 オストメイト対応トイレ県内設置場所一覧,https://www.pref.nagasaki.jp/uploads/2025/06/1750322278.pdf,,356,,
42,長崎県,42214,南島原市,,南島原市役所西有家庁舎,,,,,,,,,,,,,,,,yes,,,,,,,,,,,,,,,,,,,,ostomate_toilet_list,長崎県 オストメイト対応トイレ県内設置場所一覧,https://www.pref.nagasaki.jp/uploads/2025/06/1750322278.pdf,,357,,
42,長崎県,42214,南島原市,,南島原市役所有家庁舎,,,,,,,,,,,,,,,,yes,,,,,,,,,,,,,,,,,,,,ostomate_toilet_list,長崎県 オストメイト対応トイレ県内設置場所一覧,https://www.pref.nagasaki.jp/uploads/2025/06/1750322278.pdf,,358,,
42,長崎県,42214,南島原市,,口之津港ターミナルビル,,,,,,,,,,,,,,,,yes,,,,,,,,,,,,,,,,,,,,ostomate_toilet_list,長崎県 オストメイト対応トイレ県内設置場所一覧,https://www.pref.nagasaki.jp/uploads/2025/06/1750322278.pdf,,359,,
42,長崎県,42214,南島原市,,道の駅 ひまわり,,,,,,,,,,,,,,,,yes,,,,,,,,,,,,,,,,,,,,ostomate_toilet_list,長崎県 オストメイト対応トイレ県内設置場所一覧,https://www.pref.nagasaki.jp/uploads/2025/06/1750322278.pdf,,360,,
42,長崎県,42214,南島原市,,ありえコレジヨホール,,,,,,,,,,,,,,,,yes,,,,,,,,,,,,,,,,,,,,ostomate_toilet_list,長崎県 オストメイト対応トイレ県内設置場所一覧,https://www.pref.nagasaki.jp/uploads/2025/06/1750322278.pdf,,361,,
42,長崎県,42214,南島原市,,有家図書館,,,,,,,,,,,,,,,,yes,,,,,,,,,,,,,,,,,,,,ostomate_toilet_list,長崎県 オストメイト対応トイレ県内設置場所一覧,https://www.pref.nagasaki.jp/uploads/2025/06/1750322278.pdf,,362,,
42,長崎県,42214,南島原市,,西有家公民館（西有家総合学習センター）,,,,,,,,,,,,,,,,yes,,,,,,,,,,,,,,,,,,,,ostomate_toilet_list,長崎県 オストメイト対応トイレ県内設置場所一覧,https://www.pref.nagasaki.jp/uploads/2025/06/1750322278.pdf,,363,,
42,長崎県,42214,南島原市,,西有家図書館,,,,,,,,,,,,,,,,yes,,,,,,,,,,,,,,,,,,,,ostomate_toilet_list,長崎県 オストメイト対応トイレ県内設置場所一覧,https://www.pref.nagasaki.jp/uploads/2025/06/1750322278.pdf,,364,,
42,長崎県,42214,南島原市,,権田ポケットパーク,,,,,,,,,,,,,,,,yes,,,,,,,,,,,,,,,,,,,,ostomate_toilet_list,長崎県 オストメイト対応トイレ県内設置場所一覧,https://www.pref.nagasaki.jp/uploads/2025/06/1750322278.pdf,,365,,
42,長崎県,42214,南島原市,,道の駅 ひまわり（旧：みずなし本陣ふかえ）,,,,,,,,,,,,,,,,yes,,,,,,,,,,,,,,,,,,,,ostomate_toilet_list,長崎県 オストメイト対応トイレ県内設置場所一覧,https://www.pref.nagasaki.jp/uploads/2025/06/1750322278.pdf,,366,,
42,長崎県,42307,長与町,,長与町民文化ホール,,,,,,,,,,,,,,,,yes,,,,,,,,,,,,,,,,,,,,ostomate_toilet_list,長崎県 オストメイト対応トイレ県内設置場所一覧,https://www.pref.nagasaki.jp/uploads/2025/06/1750322278.pdf,,367,,
42,長崎県,42307,長与町,,長与総合公園 運動公園広場,,,,,,,,,,,,,,,,yes,,,,,,,,,,,,,,,,,,,,ostomate_toilet_list,長崎県 オストメイト対応トイレ県内設置場所一覧,https://www.pref.nagasaki.jp/uploads/2025/06/1750322278.pdf,,368,,
42,長崎県,42307,長与町,,イオンタウン長与,,,,,,,,,,,,,,,,yes,,,,,,,,,,,,,,,,,,,,ostomate_toilet_list,長崎県 オストメイト対応トイレ県内設置場所一覧,https://www.pref.nagasaki.jp/uploads/2025/06/1750322278.pdf,,369,,
42,長崎県,42307,長与町,,サンドラッグ 長与店,,,,,,,,,,,,,,,,yes,,,,,,,,,,,,,,,,,,,,ostomate_toilet_list,長崎県 オストメイト対応トイレ県内設置場所一覧,https://www.pref.nagasaki.jp/uploads/2025/06/1750322278.pdf,,370,,
42,長崎県,42308,時津町,,時津町役場本庁舎,,,,,,,,,,,,,,,,yes,,,,,,,,,,,,,,,,,,,,ostomate_toilet_list,長崎県 オストメイト対応トイレ県内設置場所一覧,https://www.pref.nagasaki.jp/uploads/2025/06/1750322278.pdf,,371,,
42,長崎県,42308,時津町,,総合福祉センター,,,,,,,,,,,,,,,,yes,,,,,,,,,,,,,,,,,,,,ostomate_toilet_list,長崎県 オストメイト対応トイレ県内設置場所一覧,https://www.pref.nagasaki.jp/uploads/2025/06/1750322278.pdf,,372,,
42,長崎県,42308,時津町,,Ｋｓ’Ｔｏｗｎ（ケイズタウン） 長崎時津店,,,,,,,,,,,,,,,,yes,,,,,,,,,,,,,,,,,,,,ostomate_toilet_list,長崎県 オストメイト対応トイレ県内設置場所一覧,https://www.pref.nagasaki.jp/uploads/2025/06/1750322278.pdf,,373,,
42,長崎県,42308,時津町,,コメリパワー 時津店,,,,,,,,,,,,,,,,yes,,,,,,,,,,,,,,,,,,,,ostomate_toilet_list,長崎県 オストメイト対応トイレ県内設置場所一覧,https://www.pref.nagasaki.jp/uploads/2025/06/1750322278.pdf,,374,,
42,長崎県,42308,時津町,,GU（ジーユー） 長崎時津店,,,,,,,,,,,,,,,,yes,,,,,,,,,,,,,,,,,,,,ostomate_toilet_list,長崎県 オストメイト対応トイレ県内設置場所一覧,https://www.pref.nagasaki.jp/uploads/2025/06/1750322278.pdf,,375,,
42,長崎県,42308,時津町,,スポーツデポ 長崎時津店,,,,,,,,,,,,,,,,yes,,,,,,,,,,,,,,,,,,,,ostomate_toilet_list,長崎県 オストメイト対応トイレ県内設置場所一覧,https://www.pref.nagasaki.jp/uploads/2025/06/1750322278.pdf,,376,,
42,長崎県,42308,時津町,,ダイレックス 時津店,,,,,,,,,,,,,,,,yes,,,,,,,,,,,,,,,,,,,,ostomate_toilet_list,長崎県 オストメイト対応トイレ県内設置場所一覧,https://www.pref.nagasaki.jp/uploads/2025/06/1750322278.pdf,,377,,
42,長崎県,42308,時津町,,ニトリ 長崎時津店,,,,,,,,,,,,,,,,yes,,,,,,,,,,,,,,,,,,,,ostomate_toilet_list,長崎県 オストメイト対応トイレ県内設置場所一覧,https://www.pref.nagasaki.jp/uploads/2025/06/1750322278.pdf,,378,,
42,長崎県,42308,時津町,,ホームプラザナフコ 時津店,,,,,,,,,,,,,,,,yes,,,,,,,,,,,,,,,,,,,,ostomate_toilet_list,長崎県 オストメイト対応トイレ県内設置場所一覧,https://www.pref.nagasaki.jp/uploads/2025/06/1750322278.pdf,,379,,
42,長崎県,42308,時津町,,ＭａｘＶａｌｕ（マックスバリュ） 時津店,,,,,,,,,,,,,,,,yes,,,,,,,,,,,,,,,,,,,,ostomate_toilet_list,長崎県 オストメイト対応トイレ県内設置場所一覧,https://www.pref.nagasaki.jp/uploads/2025/06/1750322278.pdf,,380,,
42,長崎県,42308,時津町,,ＭｒＭａｘ（ミスターマックス） 時津店,,,,,,,,,,,,,,,,yes,,,,,,,,,,,,,,,,,,,,ostomate_toilet_list,長崎県 オストメイト対応トイレ県内設置場所一覧,https://www.pref.nagasaki.jp/uploads/2025/06/1750322278.pdf,,381,,
42,長崎県,42308,時津町,,ＭＥＧＡドン・キホーテ 長崎時津店,,,,,,,,,,,,,,,,yes,,,,,,,,,,,,,,,,,,,,ostomate_toilet_list,長崎県 オストメイト対応トイレ県内設置場所一覧,https://www.pref.nagasaki.jp/uploads/2025/06/1750322278.pdf,,382,,
42,長崎県,42308,時津町,,時津公民館,,,,,,,,,,,,,,,,yes,,,,,,,,,,,,,,,,,,,,ostomate_toilet_list,長崎県 オストメイト対応トイレ県内設置場所一覧,https://www.pref.nagasaki.jp/uploads/2025/06/1750322278.pdf,,383,,
42,長崎県,42308,時津町,,マンガ倉庫 時津店,,,,,,,,,,,,,,,,yes,,,,,,,,,,,,,,,,,,,,ostomate_toilet_list,長崎県 オストメイト対応トイレ県内設置場所一覧,https://www.pref.nagasaki.jp/uploads/2025/06/1750322278.pdf,,384,,
42,長崎県,42321,東彼杵町,,東彼杵町総合会館,,,,,,,,,,,,,,,,yes,,,,,,,,,,,,,,,,,,,,ostomate_toilet_list,長崎県 オストメイト対応トイレ県内設置場所一覧,https://www.pref.nagasaki.jp/uploads/2025/06/1750322278.pdf,,385,,
42,長崎県,42321,東彼杵町,,東彼杵町役場,,,,,,,,,,,,,,,,yes,,,,,,,,,,,,,,,,,,,,ostomate_toilet_list,長崎県 オストメイト対応トイレ県内設置場所一覧,https://www.pref.nagasaki.jp/uploads/2025/06/1750322278.pdf,,386,,
42,長崎県,42321,東彼杵町,,道の駅 そのぎの荘,,,,,,,,,,,,,,,,yes,,,,,,,,,,,,,,,,,,,,ostomate_toilet_list,長崎県 オストメイト対応トイレ県内設置場所一覧,https://www.pref.nagasaki.jp/uploads/2025/06/1750322278.pdf,,387,,
42,長崎県,42322,川棚町,,川棚駅前広場,,,,,,,,,,,,,,,,yes,,,,,,,,,,,,,,,,,,,,ostomate_toilet_list,長崎県 オストメイト対応トイレ県内設置場所一覧,https://www.pref.nagasaki.jp/uploads/2025/06/1750322278.pdf,,388,,
42,長崎県,42322,川棚町,,川棚町公会堂,,,,,,,,,,,,,,,,yes,,,,,,,,,,,,,,,,,,,,ostomate_toilet_list,長崎県 オストメイト対応トイレ県内設置場所一覧,https://www.pref.nagasaki.jp/uploads/2025/06/1750322278.pdf,,389,,
42,長崎県,42322,川棚町,,川棚町役場,,,,,,,,,,,,,,,,yes,,,,,,,,,,,,,,,,,,,,ostomate_toilet_list,長崎県 オストメイト対応トイレ県内設置場所一覧,https://www.pref.nagasaki.jp/uploads/2025/06/1750322278.pdf,,390,,
42,長崎県,42323,波佐見町,,波佐見町役場,,,,,,,,,,,,,,,,yes,,,,,,,,,,,,,,,,,,,,ostomate_toilet_list,長崎県 オストメイト対応トイレ県内設置場所一覧,https://www.pref.nagasaki.jp/uploads/2025/06/1750322278.pdf,,391,,
42,長崎県,42383,小値賀町,,ふれあいプラザ（図書館）,,,,,,,,,,,,,,,,yes,,,,,,,,,,,,,,,,,,,,ostomate_toilet_list,長崎県 オストメイト対応トイレ県内設置場所一覧,https://www.pref.nagasaki.jp/uploads/2025/06/1750322278.pdf,,392,,
42,長崎県,42391,佐々町,,佐々町役場,,,,,,,,,,,,,,,,yes,,,,,,,,,,,,,,,,,,,,ostomate_toilet_list,長崎県 オストメイト対応トイレ県内設置場所一覧,https://www.pref.nagasaki.jp/uploads/2025/06/1750322278.pdf,,393,,
42,長崎県,42391,佐々町,,佐々町観光情報センター,,,,,,,,,,,,,,,,yes,,,,,,,,,,,,,,,,,,,,ostomate_toilet_list,長崎県 オストメイト対応トイレ県内設置場所一覧,https://www.pref.nagasaki.jp/uploads/2025/06/1750322278.pdf,,394,,
42,長崎県,42411,新上五島町,,有川港ターミナルビル,,,,,,,,,,,,,,,,yes,,,,,,,,,,,,,,,,,,,,ostomate_toilet_list,長崎県 オストメイト対応トイレ県内設置場所一覧,https://www.pref.nagasaki.jp/uploads/2025/06/1750322278.pdf,,395,,
42,長崎県,42411,新上五島町,,奈良尾港ターミナルビル,,,,,,,,,,,,,,,,yes,,,,,,,,,,,,,,,,,,,,ostomate_toilet_list,長崎県 オストメイト対応トイレ県内設置場所一覧,https://www.pref.nagasaki.jp/uploads/2025/06/1750322278.pdf,,396,,
42,長崎県,42411,新上五島町,,新上五島町役場 本庁,,,,,,,,,,,,,,,,yes,,,,,,,,,,,,,,,,,,,,ostomate_toilet_list,長崎県 オストメイト対応トイレ県内設置場所一覧,https://www.pref.nagasaki.jp/uploads/2025/06/1750322278.pdf,,397,,
42,長崎県,42411,新上五島町,,五島列島リゾートホテル マルゲリータ,,,,,,,,,,,,,,,,yes,,,,,,,,,,,,,,,,,,,,ostomate_toilet_list,長崎県 オストメイト対応トイレ県内設置場所一覧,https://www.pref.nagasaki.jp/uploads/2025/06/1750322278.pdf,,398,,
42,長崎県,42411,新上五島町,,五島列島リゾートホテル マルゲリータ奈良尾,,,,,,,,,,,,,,,,yes,,,,,,,,,,,,,,,,,,,,ostomate_toilet_list,長崎県 オストメイト対応トイレ県内設置場所一覧,https://www.pref.nagasaki.jp/uploads/2025/06/1750322278.pdf,,399,,
42,長崎県,42411,新上五島町,,青方港相河ターミナル,,,,,,,,,,,,,,,,yes,,,,,,,,,,,,,,,,,,,,ostomate_toilet_list,長崎県 オストメイト対応トイレ県内設置場所一覧,https://www.pref.nagasaki.jp/uploads/2025/06/1750322278.pdf,,400,,
