municipality_code,id,field,original_value,patched_value,verified_at,verification_source,reason
23226,1500000008,利用終了時間,24:00,23:59,2026-09-23,https://linkdata.org/view/rdf1s9307i,原本24:00を標準時刻欄では23:59とし、翌日00:00という原本の意味を特記事項に保持。
23226,1500000008,利用可能時間特記事項,,原本の利用終了時間24:00は翌日00:00。時刻欄では同日の最終分23:59を記録。,2026-09-23,https://linkdata.org/view/rdf1s9307i,原本24:00を標準時刻欄では23:59とし、翌日00:00という原本の意味を特記事項に保持。
23226,1500000011,利用終了時間,24:00,23:59,2026-09-23,https://linkdata.org/view/rdf1s9307i,原本24:00を標準時刻欄では23:59とし、翌日00:00という原本の意味を特記事項に保持。
23226,1500000011,利用可能時間特記事項,,原本の利用終了時間24:00は翌日00:00。時刻欄では同日の最終分23:59を記録。,2026-09-23,https://linkdata.org/view/rdf1s9307i,原本24:00を標準時刻欄では23:59とし、翌日00:00という原本の意味を特記事項に保持。
23226,1500000030,利用終了時間,24:00,23:59,2026-09-23,https://linkdata.org/view/rdf1s9307i,原本24:00を標準時刻欄では23:59とし、翌日00:00という原本の意味を特記事項に保持。
23226,1500000030,利用可能時間特記事項,,原本の利用終了時間24:00は翌日00:00。時刻欄では同日の最終分23:59を記録。,2026-09-23,https://linkdata.org/view/rdf1s9307i,原本24:00を標準時刻欄では23:59とし、翌日00:00という原本の意味を特記事項に保持。
23226,1500000031,利用終了時間,24:00,23:59,2026-09-23,https://linkdata.org/view/rdf1s9307i,原本24:00を標準時刻欄では23:59とし、翌日00:00という原本の意味を特記事項に保持。
23226,1500000031,利用可能時間特記事項,,原本の利用終了時間24:00は翌日00:00。時刻欄では同日の最終分23:59を記録。,2026-09-23,https://linkdata.org/view/rdf1s9307i,原本24:00を標準時刻欄では23:59とし、翌日00:00という原本の意味を特記事項に保持。
23226,1500000032,利用終了時間,24:00,23:59,2026-09-23,https://linkdata.org/view/rdf1s9307i,原本24:00を標準時刻欄では23:59とし、翌日00:00という原本の意味を特記事項に保持。
23226,1500000032,利用可能時間特記事項,,原本の利用終了時間24:00は翌日00:00。時刻欄では同日の最終分23:59を記録。,2026-09-23,https://linkdata.org/view/rdf1s9307i,原本24:00を標準時刻欄では23:59とし、翌日00:00という原本の意味を特記事項に保持。
23226,1500000033,利用終了時間,24:00,23:59,2026-09-23,https://linkdata.org/view/rdf1s9307i,原本24:00を標準時刻欄では23:59とし、翌日00:00という原本の意味を特記事項に保持。
23226,1500000033,利用可能時間特記事項,,原本の利用終了時間24:00は翌日00:00。時刻欄では同日の最終分23:59を記録。,2026-09-23,https://linkdata.org/view/rdf1s9307i,原本24:00を標準時刻欄では23:59とし、翌日00:00という原本の意味を特記事項に保持。
23226,1500000034,利用終了時間,24:00,23:59,2026-09-23,https://linkdata.org/view/rdf1s9307i,原本24:00を標準時刻欄では23:59とし、翌日00:00という原本の意味を特記事項に保持。
23226,1500000034,利用可能時間特記事項,,原本の利用終了時間24:00は翌日00:00。時刻欄では同日の最終分23:59を記録。,2026-09-23,https://linkdata.org/view/rdf1s9307i,原本24:00を標準時刻欄では23:59とし、翌日00:00という原本の意味を特記事項に保持。
23226,1500000035,利用終了時間,24:00,23:59,2026-09-23,https://linkdata.org/view/rdf1s9307i,原本24:00を標準時刻欄では23:59とし、翌日00:00という原本の意味を特記事項に保持。
23226,1500000035,利用可能時間特記事項,,原本の利用終了時間24:00は翌日00:00。時刻欄では同日の最終分23:59を記録。,2026-09-23,https://linkdata.org/view/rdf1s9307i,原本24:00を標準時刻欄では23:59とし、翌日00:00という原本の意味を特記事項に保持。
23226,1500000036,利用終了時間,24:00,23:59,2026-09-23,https://linkdata.org/view/rdf1s9307i,原本24:00を標準時刻欄では23:59とし、翌日00:00という原本の意味を特記事項に保持。
23226,1500000036,利用可能時間特記事項,,原本の利用終了時間24:00は翌日00:00。時刻欄では同日の最終分23:59を記録。,2026-09-23,https://linkdata.org/view/rdf1s9307i,原本24:00を標準時刻欄では23:59とし、翌日00:00という原本の意味を特記事項に保持。
23226,1500000037,利用終了時間,24:00,23:59,2026-09-23,https://linkdata.org/view/rdf1s9307i,原本24:00を標準時刻欄では23:59とし、翌日00:00という原本の意味を特記事項に保持。
23226,1500000037,利用可能時間特記事項,,原本の利用終了時間24:00は翌日00:00。時刻欄では同日の最終分23:59を記録。,2026-09-23,https://linkdata.org/view/rdf1s9307i,原本24:00を標準時刻欄では23:59とし、翌日00:00という原本の意味を特記事項に保持。
23226,1500000038,利用終了時間,24:00,23:59,2026-09-23,https://linkdata.org/view/rdf1s9307i,原本24:00を標準時刻欄では23:59とし、翌日00:00という原本の意味を特記事項に保持。
23226,1500000038,利用可能時間特記事項,,原本の利用終了時間24:00は翌日00:00。時刻欄では同日の最終分23:59を記録。,2026-09-23,https://linkdata.org/view/rdf1s9307i,原本24:00を標準時刻欄では23:59とし、翌日00:00という原本の意味を特記事項に保持。
23226,1500000039,利用終了時間,24:00,23:59,2026-09-23,https://linkdata.org/view/rdf1s9307i,原本24:00を標準時刻欄では23:59とし、翌日00:00という原本の意味を特記事項に保持。
23226,1500000039,利用可能時間特記事項,,原本の利用終了時間24:00は翌日00:00。時刻欄では同日の最終分23:59を記録。,2026-09-23,https://linkdata.org/view/rdf1s9307i,原本24:00を標準時刻欄では23:59とし、翌日00:00という原本の意味を特記事項に保持。
23226,1500000040,利用終了時間,24:00,23:59,2026-09-23,https://linkdata.org/view/rdf1s9307i,原本24:00を標準時刻欄では23:59とし、翌日00:00という原本の意味を特記事項に保持。
23226,1500000040,利用可能時間特記事項,,原本の利用終了時間24:00は翌日00:00。時刻欄では同日の最終分23:59を記録。,2026-09-23,https://linkdata.org/view/rdf1s9307i,原本24:00を標準時刻欄では23:59とし、翌日00:00という原本の意味を特記事項に保持。
23226,1500000041,利用終了時間,24:00,23:59,2026-09-23,https://linkdata.org/view/rdf1s9307i,原本24:00を標準時刻欄では23:59とし、翌日00:00という原本の意味を特記事項に保持。
23226,1500000041,利用可能時間特記事項,,原本の利用終了時間24:00は翌日00:00。時刻欄では同日の最終分23:59を記録。,2026-09-23,https://linkdata.org/view/rdf1s9307i,原本24:00を標準時刻欄では23:59とし、翌日00:00という原本の意味を特記事項に保持。
23226,1500000042,利用終了時間,24:00,23:59,2026-09-23,https://linkdata.org/view/rdf1s9307i,原本24:00を標準時刻欄では23:59とし、翌日00:00という原本の意味を特記事項に保持。
23226,1500000042,利用可能時間特記事項,,原本の利用終了時間24:00は翌日00:00。時刻欄では同日の最終分23:59を記録。,2026-09-23,https://linkdata.org/view/rdf1s9307i,原本24:00を標準時刻欄では23:59とし、翌日00:00という原本の意味を特記事項に保持。
23226,1500000043,利用終了時間,24:00,23:59,2026-09-23,https://linkdata.org/view/rdf1s9307i,原本24:00を標準時刻欄では23:59とし、翌日00:00という原本の意味を特記事項に保持。
23226,1500000043,利用可能時間特記事項,,原本の利用終了時間24:00は翌日00:00。時刻欄では同日の最終分23:59を記録。,2026-09-23,https://linkdata.org/view/rdf1s9307i,原本24:00を標準時刻欄では23:59とし、翌日00:00という原本の意味を特記事項に保持。
23226,1500000044,利用終了時間,24:00,23:59,2026-09-23,https://linkdata.org/view/rdf1s9307i,原本24:00を標準時刻欄では23:59とし、翌日00:00という原本の意味を特記事項に保持。
23226,1500000044,利用可能時間特記事項,,原本の利用終了時間24:00は翌日00:00。時刻欄では同日の最終分23:59を記録。,2026-09-23,https://linkdata.org/view/rdf1s9307i,原本24:00を標準時刻欄では23:59とし、翌日00:00という原本の意味を特記事項に保持。
23226,1500000045,利用終了時間,24:00,23:59,2026-09-23,https://linkdata.org/view/rdf1s9307i,原本24:00を標準時刻欄では23:59とし、翌日00:00という原本の意味を特記事項に保持。
23226,1500000045,利用可能時間特記事項,,原本の利用終了時間24:00は翌日00:00。時刻欄では同日の最終分23:59を記録。,2026-09-23,https://linkdata.org/view/rdf1s9307i,原本24:00を標準時刻欄では23:59とし、翌日00:00という原本の意味を特記事項に保持。
23226,1500000046,利用終了時間,24:00,23:59,2026-09-23,https://linkdata.org/view/rdf1s9307i,原本24:00を標準時刻欄では23:59とし、翌日00:00という原本の意味を特記事項に保持。
23226,1500000046,利用可能時間特記事項,,原本の利用終了時間24:00は翌日00:00。時刻欄では同日の最終分23:59を記録。,2026-09-23,https://linkdata.org/view/rdf1s9307i,原本24:00を標準時刻欄では23:59とし、翌日00:00という原本の意味を特記事項に保持。
23226,1500000047,利用終了時間,24:00,23:59,2026-09-23,https://linkdata.org/view/rdf1s9307i,原本24:00を標準時刻欄では23:59とし、翌日00:00という原本の意味を特記事項に保持。
23226,1500000047,利用可能時間特記事項,,原本の利用終了時間24:00は翌日00:00。時刻欄では同日の最終分23:59を記録。,2026-09-23,https://linkdata.org/view/rdf1s9307i,原本24:00を標準時刻欄では23:59とし、翌日00:00という原本の意味を特記事項に保持。
23226,1500000048,利用終了時間,24:00,23:59,2026-09-23,https://linkdata.org/view/rdf1s9307i,原本24:00を標準時刻欄では23:59とし、翌日00:00という原本の意味を特記事項に保持。
23226,1500000048,利用可能時間特記事項,,原本の利用終了時間24:00は翌日00:00。時刻欄では同日の最終分23:59を記録。,2026-09-23,https://linkdata.org/view/rdf1s9307i,原本24:00を標準時刻欄では23:59とし、翌日00:00という原本の意味を特記事項に保持。
23226,1500000049,利用終了時間,24:00,23:59,2026-09-23,https://linkdata.org/view/rdf1s9307i,原本24:00を標準時刻欄では23:59とし、翌日00:00という原本の意味を特記事項に保持。
23226,1500000049,利用可能時間特記事項,,原本の利用終了時間24:00は翌日00:00。時刻欄では同日の最終分23:59を記録。,2026-09-23,https://linkdata.org/view/rdf1s9307i,原本24:00を標準時刻欄では23:59とし、翌日00:00という原本の意味を特記事項に保持。
23226,1500000050,利用終了時間,24:00,23:59,2026-09-23,https://linkdata.org/view/rdf1s9307i,原本24:00を標準時刻欄では23:59とし、翌日00:00という原本の意味を特記事項に保持。
23226,1500000050,利用可能時間特記事項,,原本の利用終了時間24:00は翌日00:00。時刻欄では同日の最終分23:59を記録。,2026-09-23,https://linkdata.org/view/rdf1s9307i,原本24:00を標準時刻欄では23:59とし、翌日00:00という原本の意味を特記事項に保持。
23226,1500000051,利用終了時間,24:00,23:59,2026-09-23,https://linkdata.org/view/rdf1s9307i,原本24:00を標準時刻欄では23:59とし、翌日00:00という原本の意味を特記事項に保持。
23226,1500000051,利用可能時間特記事項,,原本の利用終了時間24:00は翌日00:00。時刻欄では同日の最終分23:59を記録。,2026-09-23,https://linkdata.org/view/rdf1s9307i,原本24:00を標準時刻欄では23:59とし、翌日00:00という原本の意味を特記事項に保持。
23226,1500000052,利用終了時間,24:00,23:59,2026-09-23,https://linkdata.org/view/rdf1s9307i,原本24:00を標準時刻欄では23:59とし、翌日00:00という原本の意味を特記事項に保持。
23226,1500000052,利用可能時間特記事項,,原本の利用終了時間24:00は翌日00:00。時刻欄では同日の最終分23:59を記録。,2026-09-23,https://linkdata.org/view/rdf1s9307i,原本24:00を標準時刻欄では23:59とし、翌日00:00という原本の意味を特記事項に保持。
23226,1500000053,利用終了時間,24:00,23:59,2026-09-23,https://linkdata.org/view/rdf1s9307i,原本24:00を標準時刻欄では23:59とし、翌日00:00という原本の意味を特記事項に保持。
23226,1500000053,利用可能時間特記事項,,原本の利用終了時間24:00は翌日00:00。時刻欄では同日の最終分23:59を記録。,2026-09-23,https://linkdata.org/view/rdf1s9307i,原本24:00を標準時刻欄では23:59とし、翌日00:00という原本の意味を特記事項に保持。
23226,1500000054,利用終了時間,24:00,23:59,2026-09-23,https://linkdata.org/view/rdf1s9307i,原本24:00を標準時刻欄では23:59とし、翌日00:00という原本の意味を特記事項に保持。
23226,1500000054,利用可能時間特記事項,,原本の利用終了時間24:00は翌日00:00。時刻欄では同日の最終分23:59を記録。,2026-09-23,https://linkdata.org/view/rdf1s9307i,原本24:00を標準時刻欄では23:59とし、翌日00:00という原本の意味を特記事項に保持。
23226,1500000055,利用終了時間,24:00,23:59,2026-09-23,https://linkdata.org/view/rdf1s9307i,原本24:00を標準時刻欄では23:59とし、翌日00:00という原本の意味を特記事項に保持。
23226,1500000055,利用可能時間特記事項,,原本の利用終了時間24:00は翌日00:00。時刻欄では同日の最終分23:59を記録。,2026-09-23,https://linkdata.org/view/rdf1s9307i,原本24:00を標準時刻欄では23:59とし、翌日00:00という原本の意味を特記事項に保持。
23226,1500000056,利用終了時間,24:00,23:59,2026-09-23,https://linkdata.org/view/rdf1s9307i,原本24:00を標準時刻欄では23:59とし、翌日00:00という原本の意味を特記事項に保持。
23226,1500000056,利用可能時間特記事項,,原本の利用終了時間24:00は翌日00:00。時刻欄では同日の最終分23:59を記録。,2026-09-23,https://linkdata.org/view/rdf1s9307i,原本24:00を標準時刻欄では23:59とし、翌日00:00という原本の意味を特記事項に保持。
23226,1500000057,利用終了時間,24:00,23:59,2026-09-23,https://linkdata.org/view/rdf1s9307i,原本24:00を標準時刻欄では23:59とし、翌日00:00という原本の意味を特記事項に保持。
23226,1500000057,利用可能時間特記事項,,原本の利用終了時間24:00は翌日00:00。時刻欄では同日の最終分23:59を記録。,2026-09-23,https://linkdata.org/view/rdf1s9307i,原本24:00を標準時刻欄では23:59とし、翌日00:00という原本の意味を特記事項に保持。
23226,1500000058,利用終了時間,24:00,23:59,2026-09-23,https://linkdata.org/view/rdf1s9307i,原本24:00を標準時刻欄では23:59とし、翌日00:00という原本の意味を特記事項に保持。
23226,1500000058,利用可能時間特記事項,,原本の利用終了時間24:00は翌日00:00。時刻欄では同日の最終分23:59を記録。,2026-09-23,https://linkdata.org/view/rdf1s9307i,原本24:00を標準時刻欄では23:59とし、翌日00:00という原本の意味を特記事項に保持。
23226,1500000059,利用終了時間,24:00,23:59,2026-09-23,https://linkdata.org/view/rdf1s9307i,原本24:00を標準時刻欄では23:59とし、翌日00:00という原本の意味を特記事項に保持。
23226,1500000059,利用可能時間特記事項,,原本の利用終了時間24:00は翌日00:00。時刻欄では同日の最終分23:59を記録。,2026-09-23,https://linkdata.org/view/rdf1s9307i,原本24:00を標準時刻欄では23:59とし、翌日00:00という原本の意味を特記事項に保持。
23226,1500000060,利用終了時間,24:00,23:59,2026-09-23,https://linkdata.org/view/rdf1s9307i,原本24:00を標準時刻欄では23:59とし、翌日00:00という原本の意味を特記事項に保持。
23226,1500000060,利用可能時間特記事項,,原本の利用終了時間24:00は翌日00:00。時刻欄では同日の最終分23:59を記録。,2026-09-23,https://linkdata.org/view/rdf1s9307i,原本24:00を標準時刻欄では23:59とし、翌日00:00という原本の意味を特記事項に保持。
23226,1500000061,利用終了時間,24:00,23:59,2026-09-23,https://linkdata.org/view/rdf1s9307i,原本24:00を標準時刻欄では23:59とし、翌日00:00という原本の意味を特記事項に保持。
23226,1500000061,利用可能時間特記事項,,原本の利用終了時間24:00は翌日00:00。時刻欄では同日の最終分23:59を記録。,2026-09-23,https://linkdata.org/view/rdf1s9307i,原本24:00を標準時刻欄では23:59とし、翌日00:00という原本の意味を特記事項に保持。
23226,1500000061,経度,1370.13855,137.013855,2026-09-23,https://linkdata.org/view/rdf1s9307i; https://www.city.owariasahi.lg.jp/map/6623.html; https://www.mapion.co.jp/m2/15.00/35.203449/137.014015/0/0?poi=ILSP0000170921_ipclm,"原本の経度1370.13855を10分の1にした137.013855は、南島公園を示すMapionの地図中心（35.203449, 137.014015）から約33m。原本の緯度35.203709と市公式所在地にも整合するため桁誤りとして補正。地図中心をトイレの厳密な位置とは扱わない。"
23226,1500000061,備考,多機能トイレ数:0,多機能トイレ数:0／原本の経度1370.13855は範囲外。地図上の位置と照合し137.013855に補正。,2026-09-23,https://linkdata.org/view/rdf1s9307i; https://www.city.owariasahi.lg.jp/map/6623.html; https://www.mapion.co.jp/m2/15.00/35.203449/137.014015/0/0?poi=ILSP0000170921_ipclm,"原本の経度1370.13855を10分の1にした137.013855は、南島公園を示すMapionの地図中心（35.203449, 137.014015）から約33m。原本の緯度35.203709と市公式所在地にも整合するため桁誤りとして補正。地図中心をトイレの厳密な位置とは扱わない。"
23226,1500000062,利用終了時間,24:00,23:59,2026-09-23,https://linkdata.org/view/rdf1s9307i,原本24:00を標準時刻欄では23:59とし、翌日00:00という原本の意味を特記事項に保持。
23226,1500000062,利用可能時間特記事項,,原本の利用終了時間24:00は翌日00:00。時刻欄では同日の最終分23:59を記録。,2026-09-23,https://linkdata.org/view/rdf1s9307i,原本24:00を標準時刻欄では23:59とし、翌日00:00という原本の意味を特記事項に保持。
23226,1500000063,利用終了時間,24:00,23:59,2026-09-23,https://linkdata.org/view/rdf1s9307i,原本24:00を標準時刻欄では23:59とし、翌日00:00という原本の意味を特記事項に保持。
23226,1500000063,利用可能時間特記事項,,原本の利用終了時間24:00は翌日00:00。時刻欄では同日の最終分23:59を記録。,2026-09-23,https://linkdata.org/view/rdf1s9307i,原本24:00を標準時刻欄では23:59とし、翌日00:00という原本の意味を特記事項に保持。
23226,1500000064,利用終了時間,24:00,23:59,2026-09-23,https://linkdata.org/view/rdf1s9307i,原本24:00を標準時刻欄では23:59とし、翌日00:00という原本の意味を特記事項に保持。
23226,1500000064,利用可能時間特記事項,,原本の利用終了時間24:00は翌日00:00。時刻欄では同日の最終分23:59を記録。,2026-09-23,https://linkdata.org/view/rdf1s9307i,原本24:00を標準時刻欄では23:59とし、翌日00:00という原本の意味を特記事項に保持。
23226,1500000065,利用終了時間,24:00,23:59,2026-09-23,https://linkdata.org/view/rdf1s9307i,原本24:00を標準時刻欄では23:59とし、翌日00:00という原本の意味を特記事項に保持。
23226,1500000065,利用可能時間特記事項,,原本の利用終了時間24:00は翌日00:00。時刻欄では同日の最終分23:59を記録。,2026-09-23,https://linkdata.org/view/rdf1s9307i,原本24:00を標準時刻欄では23:59とし、翌日00:00という原本の意味を特記事項に保持。
23226,1500000066,利用終了時間,24:00,23:59,2026-09-23,https://linkdata.org/view/rdf1s9307i,原本24:00を標準時刻欄では23:59とし、翌日00:00という原本の意味を特記事項に保持。
23226,1500000066,利用可能時間特記事項,,原本の利用終了時間24:00は翌日00:00。時刻欄では同日の最終分23:59を記録。,2026-09-23,https://linkdata.org/view/rdf1s9307i,原本24:00を標準時刻欄では23:59とし、翌日00:00という原本の意味を特記事項に保持。
23226,1500000067,利用終了時間,24:00,23:59,2026-09-23,https://linkdata.org/view/rdf1s9307i,原本24:00を標準時刻欄では23:59とし、翌日00:00という原本の意味を特記事項に保持。
23226,1500000067,利用可能時間特記事項,,原本の利用終了時間24:00は翌日00:00。時刻欄では同日の最終分23:59を記録。,2026-09-23,https://linkdata.org/view/rdf1s9307i,原本24:00を標準時刻欄では23:59とし、翌日00:00という原本の意味を特記事項に保持。
23226,1500000068,利用終了時間,24:00,23:59,2026-09-23,https://linkdata.org/view/rdf1s9307i,原本24:00を標準時刻欄では23:59とし、翌日00:00という原本の意味を特記事項に保持。
23226,1500000068,利用可能時間特記事項,,原本の利用終了時間24:00は翌日00:00。時刻欄では同日の最終分23:59を記録。,2026-09-23,https://linkdata.org/view/rdf1s9307i,原本24:00を標準時刻欄では23:59とし、翌日00:00という原本の意味を特記事項に保持。
23226,1500000069,利用終了時間,24:00,23:59,2026-09-23,https://linkdata.org/view/rdf1s9307i,原本24:00を標準時刻欄では23:59とし、翌日00:00という原本の意味を特記事項に保持。
23226,1500000069,利用可能時間特記事項,,原本の利用終了時間24:00は翌日00:00。時刻欄では同日の最終分23:59を記録。,2026-09-23,https://linkdata.org/view/rdf1s9307i,原本24:00を標準時刻欄では23:59とし、翌日00:00という原本の意味を特記事項に保持。
23226,1500000070,利用終了時間,24:00,23:59,2026-09-23,https://linkdata.org/view/rdf1s9307i,原本24:00を標準時刻欄では23:59とし、翌日00:00という原本の意味を特記事項に保持。
23226,1500000070,利用可能時間特記事項,,原本の利用終了時間24:00は翌日00:00。時刻欄では同日の最終分23:59を記録。,2026-09-23,https://linkdata.org/view/rdf1s9307i,原本24:00を標準時刻欄では23:59とし、翌日00:00という原本の意味を特記事項に保持。
23226,1500000071,利用終了時間,24:00,23:59,2026-09-23,https://linkdata.org/view/rdf1s9307i,原本24:00を標準時刻欄では23:59とし、翌日00:00という原本の意味を特記事項に保持。
23226,1500000071,利用可能時間特記事項,,原本の利用終了時間24:00は翌日00:00。時刻欄では同日の最終分23:59を記録。,2026-09-23,https://linkdata.org/view/rdf1s9307i,原本24:00を標準時刻欄では23:59とし、翌日00:00という原本の意味を特記事項に保持。
23226,1500000072,利用終了時間,24:00,23:59,2026-09-23,https://linkdata.org/view/rdf1s9307i,原本24:00を標準時刻欄では23:59とし、翌日00:00という原本の意味を特記事項に保持。
23226,1500000072,利用可能時間特記事項,,原本の利用終了時間24:00は翌日00:00。時刻欄では同日の最終分23:59を記録。,2026-09-23,https://linkdata.org/view/rdf1s9307i,原本24:00を標準時刻欄では23:59とし、翌日00:00という原本の意味を特記事項に保持。
23226,1500000073,利用終了時間,24:00,23:59,2026-09-23,https://linkdata.org/view/rdf1s9307i,原本24:00を標準時刻欄では23:59とし、翌日00:00という原本の意味を特記事項に保持。
23226,1500000073,利用可能時間特記事項,,原本の利用終了時間24:00は翌日00:00。時刻欄では同日の最終分23:59を記録。,2026-09-23,https://linkdata.org/view/rdf1s9307i,原本24:00を標準時刻欄では23:59とし、翌日00:00という原本の意味を特記事項に保持。
23226,1500000074,利用終了時間,24:00,23:59,2026-09-23,https://linkdata.org/view/rdf1s9307i,原本24:00を標準時刻欄では23:59とし、翌日00:00という原本の意味を特記事項に保持。
23226,1500000074,利用可能時間特記事項,,原本の利用終了時間24:00は翌日00:00。時刻欄では同日の最終分23:59を記録。,2026-09-23,https://linkdata.org/view/rdf1s9307i,原本24:00を標準時刻欄では23:59とし、翌日00:00という原本の意味を特記事項に保持。
23226,1500000075,利用終了時間,24:00,23:59,2026-09-23,https://linkdata.org/view/rdf1s9307i,原本24:00を標準時刻欄では23:59とし、翌日00:00という原本の意味を特記事項に保持。
23226,1500000075,利用可能時間特記事項,,原本の利用終了時間24:00は翌日00:00。時刻欄では同日の最終分23:59を記録。,2026-09-23,https://linkdata.org/view/rdf1s9307i,原本24:00を標準時刻欄では23:59とし、翌日00:00という原本の意味を特記事項に保持。
23226,1500000076,利用終了時間,24:00,23:59,2026-09-23,https://linkdata.org/view/rdf1s9307i,原本24:00を標準時刻欄では23:59とし、翌日00:00という原本の意味を特記事項に保持。
23226,1500000076,利用可能時間特記事項,,原本の利用終了時間24:00は翌日00:00。時刻欄では同日の最終分23:59を記録。,2026-09-23,https://linkdata.org/view/rdf1s9307i,原本24:00を標準時刻欄では23:59とし、翌日00:00という原本の意味を特記事項に保持。
23226,1500000077,利用終了時間,24:00,23:59,2026-09-23,https://linkdata.org/view/rdf1s9307i,原本24:00を標準時刻欄では23:59とし、翌日00:00という原本の意味を特記事項に保持。
23226,1500000077,利用可能時間特記事項,,原本の利用終了時間24:00は翌日00:00。時刻欄では同日の最終分23:59を記録。,2026-09-23,https://linkdata.org/view/rdf1s9307i,原本24:00を標準時刻欄では23:59とし、翌日00:00という原本の意味を特記事項に保持。
23226,1500000078,利用終了時間,24:00,23:59,2026-09-23,https://linkdata.org/view/rdf1s9307i,原本24:00を標準時刻欄では23:59とし、翌日00:00という原本の意味を特記事項に保持。
23226,1500000078,利用可能時間特記事項,,原本の利用終了時間24:00は翌日00:00。時刻欄では同日の最終分23:59を記録。,2026-09-23,https://linkdata.org/view/rdf1s9307i,原本24:00を標準時刻欄では23:59とし、翌日00:00という原本の意味を特記事項に保持。
23226,1500000079,利用終了時間,24:00,23:59,2026-09-23,https://linkdata.org/view/rdf1s9307i,原本24:00を標準時刻欄では23:59とし、翌日00:00という原本の意味を特記事項に保持。
23226,1500000079,利用可能時間特記事項,,原本の利用終了時間24:00は翌日00:00。時刻欄では同日の最終分23:59を記録。,2026-09-23,https://linkdata.org/view/rdf1s9307i,原本24:00を標準時刻欄では23:59とし、翌日00:00という原本の意味を特記事項に保持。
23226,1500000080,利用終了時間,24:00,23:59,2026-09-23,https://linkdata.org/view/rdf1s9307i,原本24:00を標準時刻欄では23:59とし、翌日00:00という原本の意味を特記事項に保持。
23226,1500000080,利用可能時間特記事項,,原本の利用終了時間24:00は翌日00:00。時刻欄では同日の最終分23:59を記録。,2026-09-23,https://linkdata.org/view/rdf1s9307i,原本24:00を標準時刻欄では23:59とし、翌日00:00という原本の意味を特記事項に保持。
23226,1500000081,利用終了時間,24:00,23:59,2026-09-23,https://linkdata.org/view/rdf1s9307i,原本24:00を標準時刻欄では23:59とし、翌日00:00という原本の意味を特記事項に保持。
23226,1500000081,利用可能時間特記事項,,原本の利用終了時間24:00は翌日00:00。時刻欄では同日の最終分23:59を記録。,2026-09-23,https://linkdata.org/view/rdf1s9307i,原本24:00を標準時刻欄では23:59とし、翌日00:00という原本の意味を特記事項に保持。
23226,1500000082,利用終了時間,24:00,23:59,2026-09-23,https://linkdata.org/view/rdf1s9307i,原本24:00を標準時刻欄では23:59とし、翌日00:00という原本の意味を特記事項に保持。
23226,1500000082,利用可能時間特記事項,,原本の利用終了時間24:00は翌日00:00。時刻欄では同日の最終分23:59を記録。,2026-09-23,https://linkdata.org/view/rdf1s9307i,原本24:00を標準時刻欄では23:59とし、翌日00:00という原本の意味を特記事項に保持。
23226,1500000083,利用終了時間,24:00,23:59,2026-09-23,https://linkdata.org/view/rdf1s9307i,原本24:00を標準時刻欄では23:59とし、翌日00:00という原本の意味を特記事項に保持。
23226,1500000083,利用可能時間特記事項,,原本の利用終了時間24:00は翌日00:00。時刻欄では同日の最終分23:59を記録。,2026-09-23,https://linkdata.org/view/rdf1s9307i,原本24:00を標準時刻欄では23:59とし、翌日00:00という原本の意味を特記事項に保持。
23226,1500000084,利用終了時間,24:00,23:59,2026-09-23,https://linkdata.org/view/rdf1s9307i,原本24:00を標準時刻欄では23:59とし、翌日00:00という原本の意味を特記事項に保持。
23226,1500000084,利用可能時間特記事項,,原本の利用終了時間24:00は翌日00:00。時刻欄では同日の最終分23:59を記録。,2026-09-23,https://linkdata.org/view/rdf1s9307i,原本24:00を標準時刻欄では23:59とし、翌日00:00という原本の意味を特記事項に保持。
23226,1500000085,利用終了時間,24:00,23:59,2026-09-23,https://linkdata.org/view/rdf1s9307i,原本24:00を標準時刻欄では23:59とし、翌日00:00という原本の意味を特記事項に保持。
23226,1500000085,利用可能時間特記事項,,原本の利用終了時間24:00は翌日00:00。時刻欄では同日の最終分23:59を記録。,2026-09-23,https://linkdata.org/view/rdf1s9307i,原本24:00を標準時刻欄では23:59とし、翌日00:00という原本の意味を特記事項に保持。
23226,1500000086,利用終了時間,24:00,23:59,2026-09-23,https://linkdata.org/view/rdf1s9307i,原本24:00を標準時刻欄では23:59とし、翌日00:00という原本の意味を特記事項に保持。
23226,1500000086,利用可能時間特記事項,,原本の利用終了時間24:00は翌日00:00。時刻欄では同日の最終分23:59を記録。,2026-09-23,https://linkdata.org/view/rdf1s9307i,原本24:00を標準時刻欄では23:59とし、翌日00:00という原本の意味を特記事項に保持。
23226,1500000087,利用終了時間,24:00,23:59,2026-09-23,https://linkdata.org/view/rdf1s9307i,原本24:00を標準時刻欄では23:59とし、翌日00:00という原本の意味を特記事項に保持。
23226,1500000087,利用可能時間特記事項,,原本の利用終了時間24:00は翌日00:00。時刻欄では同日の最終分23:59を記録。,2026-09-23,https://linkdata.org/view/rdf1s9307i,原本24:00を標準時刻欄では23:59とし、翌日00:00という原本の意味を特記事項に保持。
