id,match_field,match_value,field,original_value,patched_value
,所在地_連結表記,熊本県玉名郡長洲町大字長洲818-33,ID,,433683-000001
,所在地_連結表記,熊本県玉名郡長洲町大字長洲3334-3,ID,,433683-000002
,所在地_連結表記,熊本県玉名郡長洲町大字長洲2773-9,ID,,433683-000003
,所在地_連結表記,熊本県玉名郡長洲町大字高浜1559-1,ID,,433683-000004
,所在地_連結表記,熊本県玉名郡長洲町大字長洲3184-2,ID,,433683-000005
,所在地_連結表記,熊本県玉名郡長洲町大字長洲3112,ID,,433683-000006
,所在地_連結表記,熊本県玉名郡長洲町大字姫ケ浦1,ID,,433683-000007
,所在地_連結表記,熊本県玉名郡長洲町大字折崎241,ID,,433683-000008
,所在地_連結表記,熊本県玉名郡長洲町大字永塩643-2,ID,,433683-000009
,所在地_連結表記,熊本県玉名郡長洲町大字長洲3334-3,所在地_番地以下,Mar-34,3334-3
,所在地_連結表記,熊本県玉名郡長洲町大字長洲2773-9,所在地_番地以下,Sep-73,2773-9
,所在地_連結表記,熊本県玉名郡長洲町大字長洲3184-2,所在地_番地以下,Feb-84,3184-2
,所在地_連結表記,熊本県玉名郡長洲町大字長洲2773-9,バリアフリートイレ数,無,
,所在地_連結表記,熊本県玉名郡長洲町大字姫ケ浦1,バリアフリートイレ数,無,
,所在地_連結表記,熊本県玉名郡長洲町大字折崎241,バリアフリートイレ数,無,
,所在地_連結表記,熊本県玉名郡長洲町大字永塩643-2,バリアフリートイレ数,無,
