全国地方公共団体コード,ID,地方公共団体名,名称,名称_カナ,名称_英語,所在地_全国地方公共団体コード,町字ID,所在地_連結表記,所在地_都道府県,所在地_市区町村,所在地_町字,所在地_番地以下,建物名等(方書),設置位置,緯度,経度,高度の種別,高度の値,男性トイレ総数,男性トイレ数（小便器）,男性トイレ数（和式）,男性トイレ数（洋式）,女性トイレ総数,女性トイレ数（和式）,女性トイレ数（洋式）,男女共用トイレ総数,男女共用トイレ数（和式）,男女共用トイレ数（洋式）,バリアフリートイレ数,車椅子使用者用トイレ有無,乳幼児用設備設置トイレ有無,オストメイト設置トイレ有無,利用開始時間,利用終了時間,利用可能時間特記事項,画像,画像_ライセンス,備考
183229,1,永平寺町,松岡公園,マツオカコウエン,matsuoka park,,,福井県吉田郡永平寺町松岡室,福井県,永平寺町,,,,,36.089284,136.300581,,,,,,,,,,,,,,,,,08:30,17:15,,,,休館日:- / 原データ地方公共団体名=福井県永平寺町
183229,2,永平寺町,松岡志比堺公園,マツオカシヒザカイコウエン,matsuokashihizakai park,,,福井県吉田郡永平寺町松岡志比堺,福井県,永平寺町,,,,,36.099071,136.309716,,,,,,,,,,,,,,,,,08:30,17:15,,,,休館日:- / 原データ地方公共団体名=福井県永平寺町
183229,3,永平寺町,ファミリーパーク,ファミリーパーク,family park,,,福井県吉田郡永平寺町松岡観音3丁目,福井県,永平寺町,,,,,36.09311,136.283455,,,,,,,,,,,,,,,,,08:30,17:15,,,,休館日:- / 原データ地方公共団体名=福井県永平寺町
183229,4,永平寺町,岩野沿道スペース,イワノエンドウスペース,iwano endo space,,,福井県吉田郡永平寺町岩野,福井県,永平寺町,,,,,36.094044,136.358678,,,,,,,,,,,,,,,,,08:30,17:15,,,,休館日:- / 原データ地方公共団体名=福井県永平寺町
183229,5,永平寺町,永平寺ダム,エイヘイジダム,eiheiji dam,,,福井県吉田郡永平寺町志比,福井県,永平寺町,,,,,36.048048,136.362819,,,,,,,,,,,,,,,,,08:30,17:15,,,,休館日:- / 原データ地方公共団体名=福井県永平寺町
183229,6,永平寺町,庁舎（本庁）,チョウシャ（ホンチョウ）,honcho,,,福井県吉田郡永平寺町松岡春日1-4,福井県,永平寺町,,,,,36.09223,136.298795,,,,,,,,,,,,,,,,,08:30,17:15,,,,多機能トイレ数:有; 休館日:土曜、日曜、祝日、年末・年始 / 原データ地方公共団体名=福井県永平寺町
183229,7,永平寺町,えい坊館,エイボウカン,eiboukan,,,福井県吉田郡永平寺町松岡神明3-107,福井県,永平寺町,,,,,36.09247,136.301655,,,,,,,,,,,,,,,,,10:00,17:00,,,,多機能トイレ数:有; 休館日:火曜、年末年始 / 原データ地方公共団体名=福井県永平寺町
183229,8,永平寺町,道の駅禅の里,ミチノエキゼンノサト,michinoekizennnosato,,,福井県吉田郡永平寺町清水2-21-1,福井県,永平寺町,,,,,36.079783,136.399327,,,,,,,,,,,,,,,,,00:00,23:59,,,,多機能トイレ数:有; 休館日:第３土曜日（トイレはいつでも使用可） / 原データ地方公共団体名=福井県永平寺町 / 原データavailable_start_time=24時間 / 原データavailable_end_time=24時間
183229,9,永平寺町,浄法寺山青少年旅行村,ジョウホウジサンセイショウネンリョコウムラ,jouhoujisannseishounennryokoumura,,,福井県吉田郡永平寺町上浄法寺68-1-2,福井県,永平寺町,,,,,36.122657,136.369411,,,,,,,,,,,,,,,,,00:00,23:59,,,,休館日:水曜（トイレはいつでも使用可） / 原データ地方公共団体名=福井県永平寺町 / 原データavailable_start_time=24時間 / 原データavailable_end_time=24時間
183229,10,永平寺町,町営第1駐車場,チョウエイダイイチチュウシャジョウ,choueidaiichichuushajou,,,福井県吉田郡永平寺町志比30-4-5,福井県,永平寺町,,,,,36.058329,136.350345,,,,,,,,,,,,,,,,,00:00,23:59,冬季(1月正月明け~1月中あたり)は水道管破裂防止のため閉栓,,,多機能トイレ数:有 / 原データ地方公共団体名=福井県永平寺町 / 原データavailable_start_time=24時間 / 原データavailable_end_time=24時間
183229,11,永平寺町,町営第2駐車場,チョウエイダイニチュウシャジョウ,choueidainichuushajou,,,福井県吉田郡永平寺町志比22-1,福井県,永平寺町,,,,,36.052796,136.350654,,,,,,,,,,,,,,,,,00:00,23:59,冬季(12月中旬~3月中旬あたり)は水道管破裂防止のため閉栓,,,原データ地方公共団体名=福井県永平寺町 / 原データavailable_start_time=24時間 / 原データavailable_end_time=24時間
183229,12,永平寺町,町営第3駐車場,チョウエイダイサンチュウシャジョウ,choueidaisannchuushajou,,,福井県吉田郡永平寺町志比33-2-2,福井県,永平寺町,,,,,36.059377,136.348587,,,,,,,,,,,,,,,,,00:00,23:59,冬季(12月中旬~3月中旬あたり)は水道管破裂防止のため閉栓,,,原データ地方公共団体名=福井県永平寺町 / 原データavailable_start_time=24時間 / 原データavailable_end_time=24時間
183229,13,永平寺町,永平寺町観光案内所,エイヘイジチョウカンコウアンナイジョ,eiheijichoukannkouannnaijo,,,福井県吉田郡永平寺町志比27-20-1,福井県,永平寺町,,,,,36.055252,136.352032,,,,,,,,,,,,,,,,,08:15,19:00,,,,多機能トイレ数:有 / 原データ地方公共団体名=福井県永平寺町
183229,14,永平寺町,四季の森複合施設　駐車場,シキノモリフクゴウシセツ,shikinomorifukugoushisetu,,,福井県吉田郡永平寺町山9-1-2,福井県,永平寺町,,,,,36.088674,136.325499,,,6,4,1,1,5,4,1,0,0,0,,,,,,,冬季閉鎖 / 原データ利用開始時間=10:0024時間 / 原データ利用終了時間=17:0024時間,-,なし,多機能トイレ数:有; 休館日:月曜、年末・年始 / 原データ地方公共団体名=福井県永平寺町 / 原データwheelchair_wc=1 / 原データinfant_wc=0 / 原データostomate_wc=0 / 原データavailable_start_time=10:0024時間 / 原データavailable_end_time=17:0024時間
183229,15,永平寺町,松岡総合運動公園,マツオカソウゴウウンドウコウエン,matsuokasougouundoukouen,,,福井県吉田郡永平寺町松岡湯谷33-1-1,福井県,永平寺町,,,,,36.063479,136.296473,,,15,10,2,3,12,6,6,2,2,0,,,,,09:00,21:30,外トイレは冬季閉鎖,-,なし,多機能トイレ数:有; 休館日:祝祭日を除く月曜、年末・年始 / 原データ地方公共団体名=福井県永平寺町 / 原データwheelchair_wc=3 / 原データinfant_wc=0 / 原データostomate_wc=0
183229,16,永平寺町,永平寺緑の村運動広場,エイヘイジミドリノムラウンドウヒロバ,eiheijimidorinomuraundohiroba,,,福井県吉田郡永平寺町山9-4,福井県,永平寺町,,,,,36.088905,136.325541,,,4,3,0,1,2,0,2,0,0,0,,,,,08:30,21:30,冬季閉鎖,-,なし,休館日:祝祭日を除く月曜、12月から2月の冬期間 / 原データ地方公共団体名=福井県永平寺町 / 原データwheelchair_wc=0 / 原データinfant_wc=0 / 原データostomate_wc=0
183229,17,永平寺町,松岡河川公園,マツオカカセンコウエン,matuokakasenkouen,,,福井県吉田郡永平寺町松岡上合月,福井県,永平寺町,,,,,36.100393,136.301104,,,2,1,0,1,2,0,2,0,0,0,,,,,09:00,17:00,冬季閉鎖,-,なし,堤防上トイレ; 多機能トイレ数:無; 休館日:年末・年始　1.2月 / 原データ地方公共団体名=福井県永平寺町 / 原データwheelchair_wc=0 / 原データinfant_wc=0 / 原データostomate_wc=0
183229,18,永平寺町,松岡河川公園,マツオカカセンコウエン,matuokakasenkouen,,,福井県吉田郡永平寺町松岡上合月,福井県,永平寺町,,,,,36.099951,136.298737,,,4,3,0,1,2,0,2,0,0,0,,,,,09:00,17:00,冬季閉鎖,-,なし,管理棟; 多機能トイレ数:有; 休館日:年末・年始　1.2月 / 原データ地方公共団体名=福井県永平寺町 / 原データwheelchair_wc=1 / 原データinfant_wc=0 / 原データostomate_wc=0
183229,19,永平寺町,永平寺河川公園,エイヘイジカセンコウエン,eiheizikasenkouen,,,福井県吉田郡永平寺町谷口,福井県,永平寺町,,,,,36.093667,136.337126,,,2,1,0,1,2,0,2,0,0,0,,,,,09:00,17:00,冬季閉鎖,-,なし,多機能トイレ数:無; 休館日:年末・年始　1.2月 / 原データ地方公共団体名=福井県永平寺町 / 原データwheelchair_wc=0 / 原データinfant_wc=0 / 原データostomate_wc=0
183229,20,永平寺町,中島河川公園,ナカジマカセンコウエン,nakazimakasenkouen,,,福井県吉田郡永平寺町中島,福井県,永平寺町,,,,,36.07768,136.414125,,,4,3,0,1,4,3,1,0,0,0,,,,,09:00,17:00,冬季閉鎖,-,なし,多機能トイレ数:有; 休館日:年末・年始　1.2月 / 原データ地方公共団体名=福井県永平寺町 / 原データwheelchair_wc=1 / 原データinfant_wc=0 / 原データostomate_wc=0
