municipality_code,prefecture_code,prefecture_name,parent_name,parent_name_kana,municipality_name,municipality_name_kana,effective_date,change_info
01100,01,北海道,札幌市,さっぽろし,札幌市,さっぽろし,1973-12-01,有
01101,01,北海道,札幌市,さっぽろし,中央区,ちゅうおうく,1972-04-01,有
01102,01,北海道,札幌市,さっぽろし,北区,きたく,1972-04-01,有
01103,01,北海道,札幌市,さっぽろし,東区,ひがしく,1972-04-01,有
01104,01,北海道,札幌市,さっぽろし,白石区,しろいしく,1989-11-06,有
01105,01,北海道,札幌市,さっぽろし,豊平区,とよひらく,1997-11-04,有
01106,01,北海道,札幌市,さっぽろし,南区,みなみく,1972-04-01,有
01107,01,北海道,札幌市,さっぽろし,西区,にしく,1989-11-06,有
01108,01,北海道,札幌市,さっぽろし,厚別区,あつべつく,1989-11-06,有
01109,01,北海道,札幌市,さっぽろし,手稲区,ていねく,1989-11-06,有
01110,01,北海道,札幌市,さっぽろし,清田区,きよたく,1997-11-04,有
01202,01,北海道,,,函館市,はこだてし,2005-10-01,有
01203,01,北海道,,,小樽市,おたるし,1990-06-01,有
01204,01,北海道,,,旭川市,あさひかわし,2000-04-01,有
01205,01,北海道,,,室蘭市,むろらんし,1980-06-01,有
01206,01,北海道,,,釧路市,くしろし,2005-10-11,有
01207,01,北海道,,,帯広市,おびひろし,,
01208,01,北海道,,,北見市,きたみし,2006-03-05,有
01209,01,北海道,,,夕張市,ゆうばりし,,
01210,01,北海道,,,岩見沢市,いわみざわし,2006-03-27,有
01211,01,北海道,,,網走市,あばしりし,,
01212,01,北海道,,,留萌市,るもいし,,
01213,01,北海道,,,苫小牧市,とまこまいし,,
01214,01,北海道,,,稚内市,わっかないし,,
01215,01,北海道,,,美唄市,びばいし,,
01216,01,北海道,,,芦別市,あしべつし,,
01217,01,北海道,,,江別市,えべつし,,
01218,01,北海道,,,赤平市,あかびらし,,
01219,01,北海道,,,紋別市,もんべつし,,
01220,01,北海道,,,士別市,しべつし,2005-09-01,有
01221,01,北海道,,,名寄市,なよろし,2006-03-27,有
01222,01,北海道,,,三笠市,みかさし,,
01223,01,北海道,,,根室市,ねむろし,,
01224,01,北海道,,,千歳市,ちとせし,1985-02-15,有
01225,01,北海道,,,滝川市,たきかわし,1975-04-01,有
01226,01,北海道,,,砂川市,すながわし,1988-09-01,有
01227,01,北海道,,,歌志内市,うたしないし,,
01228,01,北海道,,,深川市,ふかがわし,,
01229,01,北海道,,,富良野市,ふらのし,,
01230,01,北海道,,,登別市,のぼりべつし,1980-06-01,有
01231,01,北海道,,,恵庭市,えにわし,1986-03-01,有
01233,01,北海道,,,伊達市,だてし,2006-03-01,有
01234,01,北海道,,,北広島市,きたひろしまし,1996-09-01,有
01235,01,北海道,,,石狩市,いしかりし,2005-10-01,有
01236,01,北海道,,,北斗市,ほくとし,2021-03-10,有
01303,01,北海道,石狩振興局,いしかりしんこうきょく,当別町,とうべつちょう,1996-06-14,有
01304,01,北海道,石狩振興局,いしかりしんこうきょく,新篠津村,しんしのつむら,,
01331,01,北海道,渡島総合振興局,おしまそうごうしんこうきょく,松前町,まつまえちょう,,
01332,01,北海道,渡島総合振興局,おしまそうごうしんこうきょく,福島町,ふくしまちょう,,
01333,01,北海道,渡島総合振興局,おしまそうごうしんこうきょく,知内町,しりうちちょう,,
01334,01,北海道,渡島総合振興局,おしまそうごうしんこうきょく,木古内町,きこないちょう,,
01337,01,北海道,渡島総合振興局,おしまそうごうしんこうきょく,七飯町,ななえちょう,2021-03-10,有
01343,01,北海道,渡島総合振興局,おしまそうごうしんこうきょく,鹿部町,しかべちょう,1983-12-01,有
01345,01,北海道,渡島総合振興局,おしまそうごうしんこうきょく,森町,もりまち,2005-04-01,有
01346,01,北海道,渡島総合振興局,おしまそうごうしんこうきょく,八雲町,やくもちょう,2005-10-01,有
01347,01,北海道,渡島総合振興局,おしまそうごうしんこうきょく,長万部町,おしゃまんべちょう,,
01361,01,北海道,檜山振興局,ひやましんこうきょく,江差町,えさしちょう,,
01362,01,北海道,檜山振興局,ひやましんこうきょく,上ノ国町,かみのくにちょう,,
01363,01,北海道,檜山振興局,ひやましんこうきょく,厚沢部町,あっさぶちょう,,
01364,01,北海道,檜山振興局,ひやましんこうきょく,乙部町,おとべちょう,,
01367,01,北海道,檜山振興局,ひやましんこうきょく,奥尻町,おくしりちょう,,
01370,01,北海道,檜山振興局,ひやましんこうきょく,今金町,いまかねちょう,,
01371,01,北海道,檜山振興局,ひやましんこうきょく,せたな町,せたなちょう,2005-09-01,有
01391,01,北海道,後志総合振興局,しりべしそうごうしんこうきょく,島牧村,しままきむら,,
01392,01,北海道,後志総合振興局,しりべしそうごうしんこうきょく,寿都町,すっつちょう,,
01393,01,北海道,後志総合振興局,しりべしそうごうしんこうきょく,黒松内町,くろまつないちょう,,
01394,01,北海道,後志総合振興局,しりべしそうごうしんこうきょく,蘭越町,らんこしちょう,,
01395,01,北海道,後志総合振興局,しりべしそうごうしんこうきょく,ニセコ町,にせこちょう,,
01396,01,北海道,後志総合振興局,しりべしそうごうしんこうきょく,真狩村,まっかりむら,,
01397,01,北海道,後志総合振興局,しりべしそうごうしんこうきょく,留寿都村,るすつむら,,
01398,01,北海道,後志総合振興局,しりべしそうごうしんこうきょく,喜茂別町,きもべつちょう,,
01399,01,北海道,後志総合振興局,しりべしそうごうしんこうきょく,京極町,きょうごくちょう,,
01400,01,北海道,後志総合振興局,しりべしそうごうしんこうきょく,倶知安町,くっちゃんちょう,,
01401,01,北海道,後志総合振興局,しりべしそうごうしんこうきょく,共和町,きょうわちょう,1990-12-01,有
01402,01,北海道,後志総合振興局,しりべしそうごうしんこうきょく,岩内町,いわないちょう,1990-12-01,有
01403,01,北海道,後志総合振興局,しりべしそうごうしんこうきょく,泊村,とまりむら,,
01404,01,北海道,後志総合振興局,しりべしそうごうしんこうきょく,神恵内村,かもえないむら,,
01405,01,北海道,後志総合振興局,しりべしそうごうしんこうきょく,積丹町,しゃこたんちょう,,
01406,01,北海道,後志総合振興局,しりべしそうごうしんこうきょく,古平町,ふるびらちょう,,
01407,01,北海道,後志総合振興局,しりべしそうごうしんこうきょく,仁木町,にきちょう,,
01408,01,北海道,後志総合振興局,しりべしそうごうしんこうきょく,余市町,よいちちょう,,
01409,01,北海道,後志総合振興局,しりべしそうごうしんこうきょく,赤井川村,あかいがわむら,,
01423,01,北海道,空知総合振興局,そらちそうごうしんこうきょく,南幌町,なんぽろちょう,1982-09-01,有
01424,01,北海道,空知総合振興局,そらちそうごうしんこうきょく,奈井江町,ないえちょう,,
01425,01,北海道,空知総合振興局,そらちそうごうしんこうきょく,上砂川町,かみすながわちょう,,
01427,01,北海道,空知総合振興局,そらちそうごうしんこうきょく,由仁町,ゆにちょう,,
01428,01,北海道,空知総合振興局,そらちそうごうしんこうきょく,長沼町,ながぬまちょう,1986-03-01,有
01429,01,北海道,空知総合振興局,そらちそうごうしんこうきょく,栗山町,くりやまちょう,,
01430,01,北海道,空知総合振興局,そらちそうごうしんこうきょく,月形町,つきがたちょう,1983-03-01,有
01431,01,北海道,空知総合振興局,そらちそうごうしんこうきょく,浦臼町,うらうすちょう,1983-03-01,有
01432,01,北海道,空知総合振興局,そらちそうごうしんこうきょく,新十津川町,しんとつかわちょう,1988-09-01,有
01433,01,北海道,空知総合振興局,そらちそうごうしんこうきょく,妹背牛町,もせうしちょう,1978-10-01,有
01434,01,北海道,空知総合振興局,そらちそうごうしんこうきょく,秩父別町,ちっぷべつちょう,1972-09-01,有
01436,01,北海道,空知総合振興局,そらちそうごうしんこうきょく,雨竜町,うりゅうちょう,1978-10-01,有
01437,01,北海道,空知総合振興局,そらちそうごうしんこうきょく,北竜町,ほくりゅうちょう,1978-10-01,有
01438,01,北海道,空知総合振興局,そらちそうごうしんこうきょく,沼田町,ぬまたちょう,1972-09-01,有
01452,01,北海道,上川総合振興局,かみかわそうごうしんこうきょく,鷹栖町,たかすちょう,,
01453,01,北海道,上川総合振興局,かみかわそうごうしんこうきょく,東神楽町,ひがしかぐらちょう,,
01454,01,北海道,上川総合振興局,かみかわそうごうしんこうきょく,当麻町,とうまちょう,,
01455,01,北海道,上川総合振興局,かみかわそうごうしんこうきょく,比布町,ぴっぷちょう,,
01456,01,北海道,上川総合振興局,かみかわそうごうしんこうきょく,愛別町,あいべつちょう,,
01457,01,北海道,上川総合振興局,かみかわそうごうしんこうきょく,上川町,かみかわちょう,,
01458,01,北海道,上川総合振興局,かみかわそうごうしんこうきょく,東川町,ひがしかわちょう,,
01459,01,北海道,上川総合振興局,かみかわそうごうしんこうきょく,美瑛町,びえいちょう,,
01460,01,北海道,上川総合振興局,かみかわそうごうしんこうきょく,上富良野町,かみふらのちょう,,
01461,01,北海道,上川総合振興局,かみかわそうごうしんこうきょく,中富良野町,なかふらのちょう,,
01462,01,北海道,上川総合振興局,かみかわそうごうしんこうきょく,南富良野町,みなみふらのちょう,,
01463,01,北海道,上川総合振興局,かみかわそうごうしんこうきょく,占冠村,しむかっぷむら,,
01464,01,北海道,上川総合振興局,かみかわそうごうしんこうきょく,和寒町,わっさむちょう,,
01465,01,北海道,上川総合振興局,かみかわそうごうしんこうきょく,剣淵町,けんぶちちょう,1978-01-01,有
01468,01,北海道,上川総合振興局,かみかわそうごうしんこうきょく,下川町,しもかわちょう,,
01469,01,北海道,上川総合振興局,かみかわそうごうしんこうきょく,美深町,びふかちょう,,
01470,01,北海道,上川総合振興局,かみかわそうごうしんこうきょく,音威子府村,おといねっぷむら,,
01471,01,北海道,上川総合振興局,かみかわそうごうしんこうきょく,中川町,なかがわちょう,,
01472,01,北海道,上川総合振興局,かみかわそうごうしんこうきょく,幌加内町,ほろかないちょう,2010-04-01,有
01481,01,北海道,留萌振興局,るもいしんこうきょく,増毛町,ましけちょう,,
01482,01,北海道,留萌振興局,るもいしんこうきょく,小平町,おびらちょう,,
01483,01,北海道,留萌振興局,るもいしんこうきょく,苫前町,とままえちょう,,
01484,01,北海道,留萌振興局,るもいしんこうきょく,羽幌町,はぼろちょう,,
01485,01,北海道,留萌振興局,るもいしんこうきょく,初山別村,しょさんべつむら,,
01486,01,北海道,留萌振興局,るもいしんこうきょく,遠別町,えんべつちょう,,
01487,01,北海道,留萌振興局,るもいしんこうきょく,天塩町,てしおちょう,,
01511,01,北海道,宗谷総合振興局,そうやそうごうしんこうきょく,猿払村,さるふつむら,,
01512,01,北海道,宗谷総合振興局,そうやそうごうしんこうきょく,浜頓別町,はまとんべつちょう,,
01513,01,北海道,宗谷総合振興局,そうやそうごうしんこうきょく,中頓別町,なかとんべつちょう,,
01514,01,北海道,宗谷総合振興局,そうやそうごうしんこうきょく,枝幸町,えさしちょう,2006-03-20,有
01516,01,北海道,宗谷総合振興局,そうやそうごうしんこうきょく,豊富町,とよとみちょう,,
01517,01,北海道,宗谷総合振興局,そうやそうごうしんこうきょく,礼文町,れぶんちょう,,
01518,01,北海道,宗谷総合振興局,そうやそうごうしんこうきょく,利尻町,りしりちょう,,
01519,01,北海道,宗谷総合振興局,そうやそうごうしんこうきょく,利尻富士町,りしりふじちょう,1990-09-30,有
01520,01,北海道,宗谷総合振興局,そうやそうごうしんこうきょく,幌延町,ほろのべちょう,2010-04-01,有
01543,01,北海道,オホーツク総合振興局,おほーつくそうごうしんこうきょく,美幌町,びほろちょう,1989-06-01,有
01544,01,北海道,オホーツク総合振興局,おほーつくそうごうしんこうきょく,津別町,つべつちょう,,
01545,01,北海道,オホーツク総合振興局,おほーつくそうごうしんこうきょく,斜里町,しゃりちょう,,
01546,01,北海道,オホーツク総合振興局,おほーつくそうごうしんこうきょく,清里町,きよさとちょう,,
01547,01,北海道,オホーツク総合振興局,おほーつくそうごうしんこうきょく,小清水町,こしみずちょう,,
01549,01,北海道,オホーツク総合振興局,おほーつくそうごうしんこうきょく,訓子府町,くんねっぷちょう,,
01550,01,北海道,オホーツク総合振興局,おほーつくそうごうしんこうきょく,置戸町,おけとちょう,,
01552,01,北海道,オホーツク総合振興局,おほーつくそうごうしんこうきょく,佐呂間町,さろまちょう,,
01555,01,北海道,オホーツク総合振興局,おほーつくそうごうしんこうきょく,遠軽町,えんがるちょう,2005-10-01,有
01559,01,北海道,オホーツク総合振興局,おほーつくそうごうしんこうきょく,湧別町,ゆうべつちょう,2009-10-05,有
01560,01,北海道,オホーツク総合振興局,おほーつくそうごうしんこうきょく,滝上町,たきのうえちょう,,
01561,01,北海道,オホーツク総合振興局,おほーつくそうごうしんこうきょく,興部町,おこっぺちょう,,
01562,01,北海道,オホーツク総合振興局,おほーつくそうごうしんこうきょく,西興部村,にしおこっぺむら,,
01563,01,北海道,オホーツク総合振興局,おほーつくそうごうしんこうきょく,雄武町,おうむちょう,,
01564,01,北海道,オホーツク総合振興局,おほーつくそうごうしんこうきょく,大空町,おおぞらちょう,2006-03-31,有
01571,01,北海道,胆振総合振興局,いぶりそうごうしんこうきょく,豊浦町,とようらちょう,,
01575,01,北海道,胆振総合振興局,いぶりそうごうしんこうきょく,壮瞥町,そうべつちょう,,
01578,01,北海道,胆振総合振興局,いぶりそうごうしんこうきょく,白老町,しらおいちょう,,
01581,01,北海道,胆振総合振興局,いぶりそうごうしんこうきょく,厚真町,あつまちょう,,
01584,01,北海道,胆振総合振興局,いぶりそうごうしんこうきょく,洞爺湖町,とうやこちょう,2006-03-27,有
01585,01,北海道,胆振総合振興局,いぶりそうごうしんこうきょく,安平町,あびらちょう,2006-03-27,有
01586,01,北海道,胆振総合振興局,いぶりそうごうしんこうきょく,むかわ町,むかわちょう,2006-03-27,有
01601,01,北海道,日高振興局,ひだかしんこうきょく,日高町,ひだかちょう,2006-03-01,有
01602,01,北海道,日高振興局,ひだかしんこうきょく,平取町,びらとりちょう,,
01604,01,北海道,日高振興局,ひだかしんこうきょく,新冠町,にいかっぷちょう,,
01607,01,北海道,日高振興局,ひだかしんこうきょく,浦河町,うらかわちょう,,
01608,01,北海道,日高振興局,ひだかしんこうきょく,様似町,さまにちょう,,
01609,01,北海道,日高振興局,ひだかしんこうきょく,えりも町,えりもちょう,1970-10-01,有
01610,01,北海道,日高振興局,ひだかしんこうきょく,新ひだか町,しんひだかちょう,2006-03-31,有
01631,01,北海道,十勝総合振興局,とかちそうごうしんこうきょく,音更町,おとふけちょう,,
01632,01,北海道,十勝総合振興局,とかちそうごうしんこうきょく,士幌町,しほろちょう,,
01633,01,北海道,十勝総合振興局,とかちそうごうしんこうきょく,上士幌町,かみしほろちょう,,
01634,01,北海道,十勝総合振興局,とかちそうごうしんこうきょく,鹿追町,しかおいちょう,,
01635,01,北海道,十勝総合振興局,とかちそうごうしんこうきょく,新得町,しんとくちょう,,
01636,01,北海道,十勝総合振興局,とかちそうごうしんこうきょく,清水町,しみずちょう,,
01637,01,北海道,十勝総合振興局,とかちそうごうしんこうきょく,芽室町,めむろちょう,,
01638,01,北海道,十勝総合振興局,とかちそうごうしんこうきょく,中札内村,なかさつないむら,,
01639,01,北海道,十勝総合振興局,とかちそうごうしんこうきょく,更別村,さらべつむら,2011-06-01,有
01641,01,北海道,十勝総合振興局,とかちそうごうしんこうきょく,大樹町,たいきちょう,,
01642,01,北海道,十勝総合振興局,とかちそうごうしんこうきょく,広尾町,ひろおちょう,,
01643,01,北海道,十勝総合振興局,とかちそうごうしんこうきょく,幕別町,まくべつちょう,2011-06-01,有
01644,01,北海道,十勝総合振興局,とかちそうごうしんこうきょく,池田町,いけだちょう,,
01645,01,北海道,十勝総合振興局,とかちそうごうしんこうきょく,豊頃町,とよころちょう,,
01646,01,北海道,十勝総合振興局,とかちそうごうしんこうきょく,本別町,ほんべつちょう,,
01647,01,北海道,十勝総合振興局,とかちそうごうしんこうきょく,足寄町,あしょろちょう,,
01648,01,北海道,十勝総合振興局,とかちそうごうしんこうきょく,陸別町,りくべつちょう,,
01649,01,北海道,十勝総合振興局,とかちそうごうしんこうきょく,浦幌町,うらほろちょう,,
01661,01,北海道,釧路総合振興局,くしろそうごうしんこうきょく,釧路町,くしろちょう,1980-04-01,有
01662,01,北海道,釧路総合振興局,くしろそうごうしんこうきょく,厚岸町,あっけしちょう,,
01663,01,北海道,釧路総合振興局,くしろそうごうしんこうきょく,浜中町,はまなかちょう,,
01664,01,北海道,釧路総合振興局,くしろそうごうしんこうきょく,標茶町,しべちゃちょう,,
01665,01,北海道,釧路総合振興局,くしろそうごうしんこうきょく,弟子屈町,てしかがちょう,,
01667,01,北海道,釧路総合振興局,くしろそうごうしんこうきょく,鶴居村,つるいむら,,
01668,01,北海道,釧路総合振興局,くしろそうごうしんこうきょく,白糠町,しらぬかちょう,,
01691,01,北海道,根室振興局,ねむろしんこうきょく,別海町,べつかいちょう,1971-04-01,有
01692,01,北海道,根室振興局,ねむろしんこうきょく,中標津町,なかしべつちょう,,
01693,01,北海道,根室振興局,ねむろしんこうきょく,標津町,しべつちょう,,
01694,01,北海道,根室振興局,ねむろしんこうきょく,羅臼町,らうすちょう,,
01695,01,北海道,根室振興局,ねむろしんこうきょく,色丹村,しこたんむら,1983-04-01,
01696,01,北海道,根室振興局,ねむろしんこうきょく,泊村,とまりむら,1983-04-01,
01697,01,北海道,根室振興局,ねむろしんこうきょく,留夜別村,るよべつむら,1983-04-01,
01698,01,北海道,根室振興局,ねむろしんこうきょく,留別村,るべつむら,1983-04-01,
01699,01,北海道,根室振興局,ねむろしんこうきょく,紗那村,しゃなむら,1983-04-01,
01700,01,北海道,根室振興局,ねむろしんこうきょく,蘂取村,しべとろむら,1983-04-01,
02201,02,青森県,,,青森市,あおもりし,2007-09-01,有
02202,02,青森県,,,弘前市,ひろさきし,2006-02-27,有
02203,02,青森県,,,八戸市,はちのへし,2017-01-01,有
02204,02,青森県,,,黒石市,くろいしし,1980-09-01,有
02205,02,青森県,,,五所川原市,ごしょがわらし,2005-12-01,有
02206,02,青森県,,,十和田市,とわだし,2008-12-25,有
02207,02,青森県,,,三沢市,みさわし,,
02208,02,青森県,,,むつ市,むつし,2005-03-14,有
02209,02,青森県,,,つがる市,つがるし,2005-02-11,有
02210,02,青森県,,,平川市,ひらかわし,2006-01-01,有
02301,02,青森県,東津軽郡,ひがしつがるぐん,平内町,ひらないまち,,
02303,02,青森県,東津軽郡,ひがしつがるぐん,今別町,いまべつまち,,
02304,02,青森県,東津軽郡,ひがしつがるぐん,蓬田村,よもぎたむら,,
02307,02,青森県,東津軽郡,ひがしつがるぐん,外ヶ浜町,そとがはままち,2005-03-28,有
02321,02,青森県,西津軽郡,にしつがるぐん,鰺ヶ沢町,あじがさわまち,1982-05-01,有
02323,02,青森県,西津軽郡,にしつがるぐん,深浦町,ふかうらまち,2005-03-31,有
02343,02,青森県,中津軽郡,なかつがるぐん,西目屋村,にしめやむら,1975-09-01,有
02361,02,青森県,南津軽郡,みなみつがるぐん,藤崎町,ふじさきまち,2007-09-01,有
02362,02,青森県,南津軽郡,みなみつがるぐん,大鰐町,おおわにまち,1977-12-01,有
02367,02,青森県,南津軽郡,みなみつがるぐん,田舎館村,いなかだてむら,1979-12-01,有
02381,02,青森県,北津軽郡,きたつがるぐん,板柳町,いたやなぎまち,2004-07-01,有
02384,02,青森県,北津軽郡,きたつがるぐん,鶴田町,つるたまち,1990-11-01,有
02387,02,青森県,北津軽郡,きたつがるぐん,中泊町,なかどまりまち,2005-03-28,有
02401,02,青森県,上北郡,かみきたぐん,野辺地町,のへじまち,,
02402,02,青森県,上北郡,かみきたぐん,七戸町,しちのへまち,2005-03-31,有
02405,02,青森県,上北郡,かみきたぐん,六戸町,ろくのへまち,1986-12-01,有
02406,02,青森県,上北郡,かみきたぐん,横浜町,よこはままち,,
02408,02,青森県,上北郡,かみきたぐん,東北町,とうほくまち,2005-03-31,有
02411,02,青森県,上北郡,かみきたぐん,六ヶ所村,ろっかしょむら,1991-12-01,有
02412,02,青森県,上北郡,かみきたぐん,おいらせ町,おいらせちょう,2006-03-01,有
02423,02,青森県,下北郡,しもきたぐん,大間町,おおままち,,
02424,02,青森県,下北郡,しもきたぐん,東通村,ひがしどおりむら,,
02425,02,青森県,下北郡,しもきたぐん,風間浦村,かざまうらむら,,
02426,02,青森県,下北郡,しもきたぐん,佐井村,さいむら,1986-03-17,有
02441,02,青森県,三戸郡,さんのへぐん,三戸町,さんのへまち,1989-12-01,有
02442,02,青森県,三戸郡,さんのへぐん,五戸町,ごのへまち,2004-07-01,有
02443,02,青森県,三戸郡,さんのへぐん,田子町,たっこまち,1989-12-01,有
02445,02,青森県,三戸郡,さんのへぐん,南部町,なんぶちょう,2006-01-01,有
02446,02,青森県,三戸郡,さんのへぐん,階上町,はしかみちょう,1988-12-20,有
02450,02,青森県,三戸郡,さんのへぐん,新郷村,しんごうむら,1974-06-01,有
03201,03,岩手県,,,盛岡市,もりおかし,2008-04-01,有
03202,03,岩手県,,,宮古市,みやこし,2010-01-01,有
03203,03,岩手県,,,大船渡市,おおふなとし,2001-11-15,有
03205,03,岩手県,,,花巻市,はなまきし,2013-04-01,有
03206,03,岩手県,,,北上市,きたかみし,2013-04-01,有
03207,03,岩手県,,,久慈市,くじし,2006-03-06,有
03208,03,岩手県,,,遠野市,とおのし,2005-10-01,有
03209,03,岩手県,,,一関市,いちのせきし,2017-09-04,有
03210,03,岩手県,,,陸前高田市,りくぜんたかたし,,
03211,03,岩手県,,,釜石市,かまいしし,,
03213,03,岩手県,,,二戸市,にのへし,2006-01-01,有
03214,03,岩手県,,,八幡平市,はちまんたいし,2005-09-01,有
03215,03,岩手県,,,奥州市,おうしゅうし,2009-07-01,有
03216,03,岩手県,,,滝沢市,たきざわし,2014-01-01,有
03301,03,岩手県,岩手郡,いわてぐん,雫石町,しずくいしちょう,1972-03-01,有
03302,03,岩手県,岩手郡,いわてぐん,葛巻町,くずまきまち,,
03303,03,岩手県,岩手郡,いわてぐん,岩手町,いわてまち,2001-12-01,有
03321,03,岩手県,紫波郡,しわぐん,紫波町,しわちょう,2000-07-01,有
03322,03,岩手県,紫波郡,しわぐん,矢巾町,やはばちょう,2000-07-01,有
03366,03,岩手県,和賀郡,わがぐん,西和賀町,にしわがまち,2005-11-01,有
03381,03,岩手県,胆沢郡,いさわぐん,金ケ崎町,かねがさきちょう,2003-04-01,有
03402,03,岩手県,西磐井郡,にしいわいぐん,平泉町,ひらいずみちょう,2012-07-01,有
03441,03,岩手県,気仙郡,けせんぐん,住田町,すみたちょう,,
03461,03,岩手県,上閉伊郡,かみへいぐん,大槌町,おおつちちょう,,
03482,03,岩手県,下閉伊郡,しもへいぐん,山田町,やまだまち,,
03483,03,岩手県,下閉伊郡,しもへいぐん,岩泉町,いわいずみちょう,,
03484,03,岩手県,下閉伊郡,しもへいぐん,田野畑村,たのはたむら,,
03485,03,岩手県,下閉伊郡,しもへいぐん,普代村,ふだいむら,,
03501,03,岩手県,九戸郡,くのへぐん,軽米町,かるまいまち,2000-04-01,有
03503,03,岩手県,九戸郡,くのへぐん,野田村,のだむら,,
03506,03,岩手県,九戸郡,くのへぐん,九戸村,くのへむら,2000-04-01,有
03507,03,岩手県,九戸郡,くのへぐん,洋野町,ひろのちょう,2006-01-01,有
03524,03,岩手県,二戸郡,にのへぐん,一戸町,いちのへまち,,
04100,04,宮城県,仙台市,せんだいし,仙台市,せんだいし,2024-01-31,有
04101,04,宮城県,仙台市,せんだいし,青葉区,あおばく,1989-04-01,有
04102,04,宮城県,仙台市,せんだいし,宮城野区,みやぎのく,1989-04-01,有
04103,04,宮城県,仙台市,せんだいし,若林区,わかばやしく,1989-04-01,有
04104,04,宮城県,仙台市,せんだいし,太白区,たいはくく,1989-04-01,有
04105,04,宮城県,仙台市,せんだいし,泉区,いずみく,1989-04-01,有
04202,04,宮城県,,,石巻市,いしのまきし,2019-02-01,有
04203,04,宮城県,,,塩竈市,しおがまし,1996-01-24,有
04205,04,宮城県,,,気仙沼市,けせんぬまし,2009-09-01,有
04206,04,宮城県,,,白石市,しろいしし,1980-03-01,有
04207,04,宮城県,,,名取市,なとりし,2020-04-01,有
04208,04,宮城県,,,角田市,かくだし,,
04209,04,宮城県,,,多賀城市,たがじょうし,2013-07-01,有
04211,04,宮城県,,,岩沼市,いわぬまし,2020-04-01,有
04212,04,宮城県,,,登米市,とめし,2023-05-31,有
04213,04,宮城県,,,栗原市,くりはらし,2023-05-31,有
04214,04,宮城県,,,東松島市,ひがしまつしまし,2020-02-01,有
04215,04,宮城県,,,大崎市,おおさきし,2019-02-01,有
04216,04,宮城県,,,富谷市,とみやし,2016-10-10,有
04301,04,宮城県,刈田郡,かったぐん,蔵王町,ざおうまち,1980-03-01,有
04302,04,宮城県,刈田郡,かったぐん,七ヶ宿町,しちかしゅくまち,1984-11-30,有
04321,04,宮城県,柴田郡,しばたぐん,大河原町,おおがわらまち,1996-11-20,有
04322,04,宮城県,柴田郡,しばたぐん,村田町,むらたまち,1996-11-20,有
04323,04,宮城県,柴田郡,しばたぐん,柴田町,しばたまち,1973-01-20,有
04324,04,宮城県,柴田郡,しばたぐん,川崎町,かわさきまち,,
04341,04,宮城県,伊具郡,いぐぐん,丸森町,まるもりまち,,
04361,04,宮城県,亘理郡,わたりぐん,亘理町,わたりちょう,1990-05-01,有
04362,04,宮城県,亘理郡,わたりぐん,山元町,やまもとちょう,1990-05-01,有
04401,04,宮城県,宮城郡,みやぎぐん,松島町,まつしままち,2015-07-01,有
04404,04,宮城県,宮城郡,みやぎぐん,七ヶ浜町,しちがはままち,1975-04-01,有
04406,04,宮城県,宮城郡,みやぎぐん,利府町,りふちょう,2024-01-31,有
04421,04,宮城県,黒川郡,くろかわぐん,大和町,たいわちょう,1999-12-01,有
04422,04,宮城県,黒川郡,くろかわぐん,大郷町,おおさとちょう,2003-03-01,有
04424,04,宮城県,黒川郡,くろかわぐん,大衡村,おおひらむら,1991-04-01,有
04444,04,宮城県,加美郡,かみぐん,色麻町,しかまちょう,2021-10-01,有
04445,04,宮城県,加美郡,かみぐん,加美町,かみまち,2021-10-01,有
04501,04,宮城県,遠田郡,とおだぐん,涌谷町,わくやちょう,2007-07-01,有
04505,04,宮城県,遠田郡,とおだぐん,美里町,みさとまち,2020-02-01,有
04581,04,宮城県,牡鹿郡,おしかぐん,女川町,おながわちょう,,
04606,04,宮城県,本吉郡,もとよしぐん,南三陸町,みなみさんりくちょう,2005-10-01,有
05201,05,秋田県,,,秋田市,あきたし,2005-01-11,有
05202,05,秋田県,,,能代市,のしろし,2008-03-05,有
05203,05,秋田県,,,横手市,よこてし,2026-03-28,有
05204,05,秋田県,,,大館市,おおだてし,2005-06-20,有
05206,05,秋田県,,,男鹿市,おがし,2005-03-22,有
05207,05,秋田県,,,湯沢市,ゆざわし,2005-03-22,有
05209,05,秋田県,,,鹿角市,かづのし,1998-06-01,有
05210,05,秋田県,,,由利本荘市,ゆりほんじょうし,2005-03-22,有
05211,05,秋田県,,,潟上市,かたがみし,2005-03-22,有
05212,05,秋田県,,,大仙市,だいせんし,2026-03-28,有
05213,05,秋田県,,,北秋田市,きたあきたし,2005-03-22,有
05214,05,秋田県,,,にかほ市,にかほし,2005-10-01,有
05215,05,秋田県,,,仙北市,せんぼくし,2005-09-20,有
05303,05,秋田県,鹿角郡,かづのぐん,小坂町,こさかまち,2008-12-25,有
05327,05,秋田県,北秋田郡,きたあきたぐん,上小阿仁村,かみこあにむら,,
05346,05,秋田県,山本郡,やまもとぐん,藤里町,ふじさとまち,1973-11-01,有
05348,05,秋田県,山本郡,やまもとぐん,三種町,みたねちょう,2008-03-05,有
05349,05,秋田県,山本郡,やまもとぐん,八峰町,はっぽうちょう,2006-03-27,有
05361,05,秋田県,南秋田郡,みなみあきたぐん,五城目町,ごじょうめまち,1976-11-01,有
05363,05,秋田県,南秋田郡,みなみあきたぐん,八郎潟町,はちろうがたまち,2003-10-14,有
05366,05,秋田県,南秋田郡,みなみあきたぐん,井川町,いかわまち,2002-02-26,有
05368,05,秋田県,南秋田郡,みなみあきたぐん,大潟村,おおがたむら,1977-03-31,有
05434,05,秋田県,仙北郡,せんぼくぐん,美郷町,みさとちょう,2025-05-10,有
05463,05,秋田県,雄勝郡,おがちぐん,羽後町,うごまち,1980-06-01,有
05464,05,秋田県,雄勝郡,おがちぐん,東成瀬村,ひがしなるせむら,1982-06-01,有
06201,06,山形県,,,山形市,やまがたし,2019-04-01,有
06202,06,山形県,,,米沢市,よねざわし,2007-01-25,有
06203,06,山形県,,,鶴岡市,つるおかし,2018-01-31,有
06204,06,山形県,,,酒田市,さかたし,2018-01-31,有
06205,06,山形県,,,新庄市,しんじょうし,2005-02-18,有
06206,06,山形県,,,寒河江市,さがえし,1990-11-28,有
06207,06,山形県,,,上山市,かみのやまし,2012-02-01,有
06208,06,山形県,,,村山市,むらやまし,1990-02-09,有
06209,06,山形県,,,長井市,ながいし,2011-02-16,有
06210,06,山形県,,,天童市,てんどうし,2021-01-20,有
06211,06,山形県,,,東根市,ひがしねし,2001-11-06,有
06212,06,山形県,,,尾花沢市,おばなざわし,1988-05-01,有
06213,06,山形県,,,南陽市,なんようし,1989-12-25,有
06301,06,山形県,東村山郡,ひがしむらやまぐん,山辺町,やまのべまち,1997-08-20,有
06302,06,山形県,東村山郡,ひがしむらやまぐん,中山町,なかやままち,1994-02-16,有
06321,06,山形県,西村山郡,にしむらやまぐん,河北町,かほくちょう,2021-01-20,有
06322,06,山形県,西村山郡,にしむらやまぐん,西川町,にしかわまち,1980-03-01,有
06323,06,山形県,西村山郡,にしむらやまぐん,朝日町,あさひまち,2001-08-08,有
06324,06,山形県,西村山郡,にしむらやまぐん,大江町,おおえまち,2001-08-08,有
06341,06,山形県,北村山郡,きたむらやまぐん,大石田町,おおいしだまち,1988-05-01,有
06361,06,山形県,最上郡,もがみぐん,金山町,かねやままち,1971-09-01,有
06362,06,山形県,最上郡,もがみぐん,最上町,もがみまち,,
06363,06,山形県,最上郡,もがみぐん,舟形町,ふながたまち,2022-12-28,有
06364,06,山形県,最上郡,もがみぐん,真室川町,まむろがわまち,1979-03-01,有
06365,06,山形県,最上郡,もがみぐん,大蔵村,おおくらむら,2022-12-28,有
06366,06,山形県,最上郡,もがみぐん,鮭川村,さけがわむら,2005-02-18,有
06367,06,山形県,最上郡,もがみぐん,戸沢村,とざわむら,1985-12-20,有
06381,06,山形県,東置賜郡,ひがしおきたまぐん,高畠町,たかはたまち,2007-01-25,有
06382,06,山形県,東置賜郡,ひがしおきたまぐん,川西町,かわにしまち,1995-01-24,有
06401,06,山形県,西置賜郡,にしおきたまぐん,小国町,おぐにまち,,
06402,06,山形県,西置賜郡,にしおきたまぐん,白鷹町,しらたかまち,1989-04-27,有
06403,06,山形県,西置賜郡,にしおきたまぐん,飯豊町,いいでまち,2011-02-16,有
06426,06,山形県,東田川郡,ひがしたがわぐん,三川町,みかわまち,2018-01-31,有
06428,06,山形県,東田川郡,ひがしたがわぐん,庄内町,しょうないまち,2005-07-01,有
06461,06,山形県,飽海郡,あくみぐん,遊佐町,ゆざまち,1982-09-01,有
07201,07,福島県,,,福島市,ふくしまし,2018-04-01,有
07202,07,福島県,,,会津若松市,あいづわかまつし,2005-11-01,有
07203,07,福島県,,,郡山市,こおりやまし,1999-09-21,有
07204,07,福島県,,,いわき市,いわきし,1999-04-01,有
07205,07,福島県,,,白河市,しらかわし,2005-11-07,有
07207,07,福島県,,,須賀川市,すかがわし,2005-04-01,有
07208,07,福島県,,,喜多方市,きたかたし,2022-03-01,有
07209,07,福島県,,,相馬市,そうまし,2022-09-28,有
07210,07,福島県,,,二本松市,にほんまつし,2005-12-01,有
07211,07,福島県,,,田村市,たむらし,2005-03-01,有
07212,07,福島県,,,南相馬市,みなみそうまし,2022-09-28,有
07213,07,福島県,,,伊達市,だてし,2006-01-01,有
07214,07,福島県,,,本宮市,もとみやし,2007-01-01,有
07301,07,福島県,伊達郡,だてぐん,桑折町,こおりまち,2003-07-17,有
07303,07,福島県,伊達郡,だてぐん,国見町,くにみまち,2003-07-17,有
07308,07,福島県,伊達郡,だてぐん,川俣町,かわまたまち,,
07322,07,福島県,安達郡,あだちぐん,大玉村,おおたまむら,1987-03-01,有
07342,07,福島県,岩瀬郡,いわせぐん,鏡石町,かがみいしまち,1996-12-01,有
07344,07,福島県,岩瀬郡,いわせぐん,天栄村,てんえいむら,1992-05-01,有
07362,07,福島県,南会津郡,みなみあいづぐん,下郷町,しもごうまち,,
07364,07,福島県,南会津郡,みなみあいづぐん,檜枝岐村,ひのえまたむら,,
07367,07,福島県,南会津郡,みなみあいづぐん,只見町,ただみまち,,
07368,07,福島県,南会津郡,みなみあいづぐん,南会津町,みなみあいづまち,2006-03-20,有
07402,07,福島県,耶麻郡,やまぐん,北塩原村,きたしおばらむら,1992-05-01,有
07405,07,福島県,耶麻郡,やまぐん,西会津町,にしあいづまち,,
07407,07,福島県,耶麻郡,やまぐん,磐梯町,ばんだいまち,2014-08-19,有
07408,07,福島県,耶麻郡,やまぐん,猪苗代町,いなわしろまち,2014-08-19,有
07421,07,福島県,河沼郡,かわぬまぐん,会津坂下町,あいづばんげまち,2004-06-23,有
07422,07,福島県,河沼郡,かわぬまぐん,湯川村,ゆがわむら,2022-03-01,有
07423,07,福島県,河沼郡,かわぬまぐん,柳津町,やないづまち,,
07444,07,福島県,大沼郡,おおぬまぐん,三島町,みしままち,,
07445,07,福島県,大沼郡,おおぬまぐん,金山町,かねやままち,,
07446,07,福島県,大沼郡,おおぬまぐん,昭和村,しょうわむら,,
07447,07,福島県,大沼郡,おおぬまぐん,会津美里町,あいづみさとまち,2005-10-01,有
07461,07,福島県,西白河郡,にししらかわぐん,西郷村,にしごうむら,1991-03-01,有
07464,07,福島県,西白河郡,にししらかわぐん,泉崎村,いずみざきむら,2002-10-24,有
07465,07,福島県,西白河郡,にししらかわぐん,中島村,なかじまむら,2005-01-13,有
07466,07,福島県,西白河郡,にししらかわぐん,矢吹町,やぶきまち,1993-05-01,有
07481,07,福島県,東白川郡,ひがししらかわぐん,棚倉町,たなぐらまち,1980-02-20,有
07482,07,福島県,東白川郡,ひがししらかわぐん,矢祭町,やまつりまち,1999-09-01,有
07483,07,福島県,東白川郡,ひがししらかわぐん,塙町,はなわまち,1999-09-01,有
07484,07,福島県,東白川郡,ひがししらかわぐん,鮫川村,さめがわむら,1998-06-01,有
07501,07,福島県,石川郡,いしかわぐん,石川町,いしかわまち,2005-01-13,有
07502,07,福島県,石川郡,いしかわぐん,玉川村,たまかわむら,1972-02-02,有
07503,07,福島県,石川郡,いしかわぐん,平田村,ひらたむら,,
07504,07,福島県,石川郡,いしかわぐん,浅川町,あさかわまち,1987-03-01,有
07505,07,福島県,石川郡,いしかわぐん,古殿町,ふるどのまち,1998-06-01,有
07521,07,福島県,田村郡,たむらぐん,三春町,みはるまち,1996-10-01,有
07522,07,福島県,田村郡,たむらぐん,小野町,おのまち,,
07541,07,福島県,双葉郡,ふたばぐん,広野町,ひろのまち,,
07542,07,福島県,双葉郡,ふたばぐん,楢葉町,ならはまち,,
07543,07,福島県,双葉郡,ふたばぐん,富岡町,とみおかまち,1987-03-01,有
07544,07,福島県,双葉郡,ふたばぐん,川内村,かわうちむら,,
07545,07,福島県,双葉郡,ふたばぐん,大熊町,おおくままち,1987-03-01,有
07546,07,福島県,双葉郡,ふたばぐん,双葉町,ふたばまち,,
07547,07,福島県,双葉郡,ふたばぐん,浪江町,なみえまち,,
07548,07,福島県,双葉郡,ふたばぐん,葛尾村,かつらおむら,,
07561,07,福島県,相馬郡,そうまぐん,新地町,しんちまち,1971-08-01,有
07564,07,福島県,相馬郡,そうまぐん,飯舘村,いいたてむら,,
08201,08,茨城県,,,水戸市,みとし,2020-04-01,有
08202,08,茨城県,,,日立市,ひたちし,2004-11-01,有
08203,08,茨城県,,,土浦市,つちうらし,2023-01-01,有
08204,08,茨城県,,,古河市,こがし,2005-09-12,有
08205,08,茨城県,,,石岡市,いしおかし,2009-03-10,有
08207,08,茨城県,,,結城市,ゆうきし,1998-07-01,有
08208,08,茨城県,,,龍ケ崎市,りゅうがさきし,2019-07-01,有
08210,08,茨城県,,,下妻市,しもつまし,2020-07-01,有
08211,08,茨城県,,,常総市,じょうそうし,2006-01-01,有
08212,08,茨城県,,,常陸太田市,ひたちおおたし,2004-12-01,有
08214,08,茨城県,,,高萩市,たかはぎし,1998-10-01,有
08215,08,茨城県,,,北茨城市,きたいばらきし,1998-10-01,有
08216,08,茨城県,,,笠間市,かさまし,2006-03-19,有
08217,08,茨城県,,,取手市,とりでし,2005-03-28,有
08219,08,茨城県,,,牛久市,うしくし,2006-12-20,有
08220,08,茨城県,,,つくば市,つくばし,2007-04-01,有
08221,08,茨城県,,,ひたちなか市,ひたちなかし,1997-03-27,有
08222,08,茨城県,,,鹿嶋市,かしまし,2009-03-10,有
08223,08,茨城県,,,潮来市,いたこし,2009-03-10,有
08224,08,茨城県,,,守谷市,もりやし,2002-02-02,有
08225,08,茨城県,,,常陸大宮市,ひたちおおみやし,2004-10-16,有
08226,08,茨城県,,,那珂市,なかし,2005-01-21,有
08227,08,茨城県,,,筑西市,ちくせいし,2020-07-01,有
08228,08,茨城県,,,坂東市,ばんどうし,2005-03-22,有
08229,08,茨城県,,,稲敷市,いなしきし,2009-03-10,有
08230,08,茨城県,,,かすみがうら市,かすみがうらし,2023-01-01,有
08231,08,茨城県,,,桜川市,さくらがわし,2012-09-01,有
08232,08,茨城県,,,神栖市,かみすし,2005-08-01,有
08233,08,茨城県,,,行方市,なめがたし,2009-03-10,有
08234,08,茨城県,,,鉾田市,ほこたし,2009-03-10,有
08235,08,茨城県,,,つくばみらい市,つくばみらいし,2006-03-27,有
08236,08,茨城県,,,小美玉市,おみたまし,2009-03-10,有
08302,08,茨城県,東茨城郡,ひがしいばらきぐん,茨城町,いばらきまち,1990-06-01,有
08309,08,茨城県,東茨城郡,ひがしいばらきぐん,大洗町,おおあらいまち,1984-05-01,有
08310,08,茨城県,東茨城郡,ひがしいばらきぐん,城里町,しろさとまち,2007-12-01,有
08341,08,茨城県,那珂郡,なかぐん,東海村,とうかいむら,1997-03-27,有
08364,08,茨城県,久慈郡,くじぐん,大子町,だいごまち,,
08442,08,茨城県,稲敷郡,いなしきぐん,美浦村,みほむら,2009-03-10,有
08443,08,茨城県,稲敷郡,いなしきぐん,阿見町,あみまち,2009-03-10,有
08447,08,茨城県,稲敷郡,いなしきぐん,河内町,かわちまち,1996-06-01,有
08521,08,茨城県,結城郡,ゆうきぐん,八千代町,やちよまち,1999-02-01,有
08542,08,茨城県,猿島郡,さしまぐん,五霞町,ごかまち,1996-06-01,有
08546,08,茨城県,猿島郡,さしまぐん,境町,さかいまち,1995-01-01,有
08564,08,茨城県,北相馬郡,きたそうまぐん,利根町,とねまち,2019-07-01,有
09201,09,栃木県,,,宇都宮市,うつのみやし,2023-07-01,有
09202,09,栃木県,,,足利市,あしかがし,1988-06-01,有
09203,09,栃木県,,,栃木市,とちぎし,2014-04-05,有
09204,09,栃木県,,,佐野市,さのし,2005-02-28,有
09205,09,栃木県,,,鹿沼市,かぬまし,2012-08-01,有
09206,09,栃木県,,,日光市,にっこうし,2023-07-01,有
09208,09,栃木県,,,小山市,おやまし,2019-02-01,有
09209,09,栃木県,,,真岡市,もおかし,2013-02-01,有
09210,09,栃木県,,,大田原市,おおたわらし,2009-08-01,有
09211,09,栃木県,,,矢板市,やいたし,2022-07-01,有
09213,09,栃木県,,,那須塩原市,なすしおばらし,2005-01-01,有
09214,09,栃木県,,,さくら市,さくらし,2012-08-01,有
09215,09,栃木県,,,那須烏山市,なすからすやまし,2012-08-01,有
09216,09,栃木県,,,下野市,しもつけし,2015-02-01,有
09301,09,栃木県,河内郡,かわちぐん,上三川町,かみのかわまち,2003-07-01,有
09342,09,栃木県,芳賀郡,はがぐん,益子町,ましこまち,2007-02-01,有
09343,09,栃木県,芳賀郡,はがぐん,茂木町,もてぎまち,2003-01-02,有
09344,09,栃木県,芳賀郡,はがぐん,市貝町,いちかいまち,2007-02-01,有
09345,09,栃木県,芳賀郡,はがぐん,芳賀町,はがまち,2019-02-01,有
09361,09,栃木県,下都賀郡,しもつがぐん,壬生町,みぶまち,2015-02-01,有
09364,09,栃木県,下都賀郡,しもつがぐん,野木町,のぎまち,2019-02-01,有
09384,09,栃木県,塩谷郡,しおやぐん,塩谷町,しおやまち,2022-07-01,有
09386,09,栃木県,塩谷郡,しおやぐん,高根沢町,たかねざわまち,2010-02-01,有
09407,09,栃木県,那須郡,なすぐん,那須町,なすまち,1982-06-01,有
09411,09,栃木県,那須郡,なすぐん,那珂川町,なかがわまち,2006-08-01,有
10201,10,群馬県,,,前橋市,まえばしし,2009-05-05,有
10202,10,群馬県,,,高崎市,たかさきし,2011-04-01,有
10203,10,群馬県,,,桐生市,きりゅうし,2005-06-13,有
10204,10,群馬県,,,伊勢崎市,いせさきし,2007-04-01,有
10205,10,群馬県,,,太田市,おおたし,2010-03-01,有
10206,10,群馬県,,,沼田市,ぬまたし,2006-12-01,有
10207,10,群馬県,,,館林市,たてばやしし,1982-06-01,有
10208,10,群馬県,,,渋川市,しぶかわし,2006-02-20,有
10209,10,群馬県,,,藤岡市,ふじおかし,2006-01-01,有
10210,10,群馬県,,,富岡市,とみおかし,2020-05-01,有
10211,10,群馬県,,,安中市,あんなかし,2020-05-01,有
10212,10,群馬県,,,みどり市,みどりし,2006-03-27,有
10344,10,群馬県,北群馬郡,きたぐんまぐん,榛東村,しんとうむら,1995-07-01,有
10345,10,群馬県,北群馬郡,きたぐんまぐん,吉岡町,よしおかまち,2003-07-01,有
10366,10,群馬県,多野郡,たのぐん,上野村,うえのむら,,
10367,10,群馬県,多野郡,たのぐん,神流町,かんなまち,2003-04-01,有
10382,10,群馬県,甘楽郡,かんらぐん,下仁田町,しもにたまち,,
10383,10,群馬県,甘楽郡,かんらぐん,南牧村,なんもくむら,,
10384,10,群馬県,甘楽郡,かんらぐん,甘楽町,かんらまち,1984-09-01,有
10421,10,群馬県,吾妻郡,あがつまぐん,中之条町,なかのじょうまち,2010-03-28,有
10424,10,群馬県,吾妻郡,あがつまぐん,長野原町,ながのはらまち,,
10425,10,群馬県,吾妻郡,あがつまぐん,嬬恋村,つまごいむら,,
10426,10,群馬県,吾妻郡,あがつまぐん,草津町,くさつまち,,
10428,10,群馬県,吾妻郡,あがつまぐん,高山村,たかやまむら,,
10429,10,群馬県,吾妻郡,あがつまぐん,東吾妻町,ひがしあがつままち,2006-03-27,有
10443,10,群馬県,利根郡,とねぐん,片品村,かたしなむら,,
10444,10,群馬県,利根郡,とねぐん,川場村,かわばむら,1996-11-01,有
10448,10,群馬県,利根郡,とねぐん,昭和村,しょうわむら,2004-04-01,有
10449,10,群馬県,利根郡,とねぐん,みなかみ町,みなかみまち,2006-12-01,有
10464,10,群馬県,佐波郡,さわぐん,玉村町,たまむらまち,1985-09-01,有
10521,10,群馬県,邑楽郡,おうらぐん,板倉町,いたくらまち,1977-09-01,有
10522,10,群馬県,邑楽郡,おうらぐん,明和町,めいわまち,1998-10-01,有
10523,10,群馬県,邑楽郡,おうらぐん,千代田町,ちよだまち,1982-04-01,有
10524,10,群馬県,邑楽郡,おうらぐん,大泉町,おおいずみまち,1988-10-01,有
10525,10,群馬県,邑楽郡,おうらぐん,邑楽町,おうらまち,1987-09-01,有
11100,11,埼玉県,さいたま市,さいたまし,さいたま市,さいたまし,2005-04-01,有
11101,11,埼玉県,さいたま市,さいたまし,西区,にしく,2003-04-01,有
11102,11,埼玉県,さいたま市,さいたまし,北区,きたく,2003-04-01,有
11103,11,埼玉県,さいたま市,さいたまし,大宮区,おおみやく,2003-04-01,有
11104,11,埼玉県,さいたま市,さいたまし,見沼区,みぬまく,2003-04-01,有
11105,11,埼玉県,さいたま市,さいたまし,中央区,ちゅうおうく,2003-04-01,有
11106,11,埼玉県,さいたま市,さいたまし,桜区,さくらく,2003-04-01,有
11107,11,埼玉県,さいたま市,さいたまし,浦和区,うらわく,2003-04-01,有
11108,11,埼玉県,さいたま市,さいたまし,南区,みなみく,2003-04-01,有
11109,11,埼玉県,さいたま市,さいたまし,緑区,みどりく,2003-04-01,有
11110,11,埼玉県,さいたま市,さいたまし,岩槻区,いわつきく,2005-04-01,有
11201,11,埼玉県,,,川越市,かわごえし,2003-04-01,有
11202,11,埼玉県,,,熊谷市,くまがやし,2023-10-01,有
11203,11,埼玉県,,,川口市,かわぐちし,2018-04-01,有
11206,11,埼玉県,,,行田市,ぎょうだし,2026-02-01,有
11207,11,埼玉県,,,秩父市,ちちぶし,2005-04-01,有
11208,11,埼玉県,,,所沢市,ところざわし,2002-04-01,有
11209,11,埼玉県,,,飯能市,はんのうし,2005-01-01,有
11210,11,埼玉県,,,加須市,かぞし,2010-03-23,有
11211,11,埼玉県,,,本庄市,ほんじょうし,2006-01-10,有
11212,11,埼玉県,,,東松山市,ひがしまつやまし,1993-12-01,有
11214,11,埼玉県,,,春日部市,かすかべし,2008-04-01,有
11215,11,埼玉県,,,狭山市,さやまし,1994-03-01,有
11216,11,埼玉県,,,羽生市,はにゅうし,1999-06-01,有
11217,11,埼玉県,,,鴻巣市,こうのすし,2026-02-01,有
11218,11,埼玉県,,,深谷市,ふかやし,2010-03-01,有
11219,11,埼玉県,,,上尾市,あげおし,1997-04-01,有
11221,11,埼玉県,,,草加市,そうかし,2004-04-01,有
11222,11,埼玉県,,,越谷市,こしがやし,2015-04-01,有
11223,11,埼玉県,,,蕨市,わらびし,,
11224,11,埼玉県,,,戸田市,とだし,,
11225,11,埼玉県,,,入間市,いるまし,1983-04-01,有
11227,11,埼玉県,,,朝霞市,あさかし,1990-08-01,有
11228,11,埼玉県,,,志木市,しきし,1990-08-01,有
11229,11,埼玉県,,,和光市,わこうし,1970-10-31,有
11230,11,埼玉県,,,新座市,にいざし,1970-11-01,有
11231,11,埼玉県,,,桶川市,おけがわし,1989-05-01,有
11232,11,埼玉県,,,久喜市,くきし,2010-03-23,有
11233,11,埼玉県,,,北本市,きたもとし,1971-11-03,有
11234,11,埼玉県,,,八潮市,やしおし,1979-04-01,有
11235,11,埼玉県,,,富士見市,ふじみし,1974-06-01,有
11237,11,埼玉県,,,三郷市,みさとし,1972-05-03,有
11238,11,埼玉県,,,蓮田市,はすだし,2011-01-04,有
11239,11,埼玉県,,,坂戸市,さかどし,2001-09-01,有
11240,11,埼玉県,,,幸手市,さってし,1997-12-01,有
11241,11,埼玉県,,,鶴ヶ島市,つるがしまし,1991-09-01,有
11242,11,埼玉県,,,日高市,ひだかし,1991-10-01,有
11243,11,埼玉県,,,吉川市,よしかわし,1997-11-01,有
11245,11,埼玉県,,,ふじみ野市,ふじみのし,2005-10-01,有
11246,11,埼玉県,,,白岡市,しらおかし,2012-10-01,有
11301,11,埼玉県,北足立郡,きたあだちぐん,伊奈町,いなまち,1977-12-20,有
11324,11,埼玉県,入間郡,いるまぐん,三芳町,みよしまち,1970-11-03,有
11326,11,埼玉県,入間郡,いるまぐん,毛呂山町,もろやままち,,
11327,11,埼玉県,入間郡,いるまぐん,越生町,おごせまち,,
11341,11,埼玉県,比企郡,ひきぐん,滑川町,なめがわまち,2010-03-01,有
11342,11,埼玉県,比企郡,ひきぐん,嵐山町,らんざんまち,2010-03-01,有
11343,11,埼玉県,比企郡,ひきぐん,小川町,おがわまち,2000-10-01,有
11346,11,埼玉県,比企郡,ひきぐん,川島町,かわじままち,1988-02-01,有
11347,11,埼玉県,比企郡,ひきぐん,吉見町,よしみまち,1985-06-01,有
11348,11,埼玉県,比企郡,ひきぐん,鳩山町,はとやままち,2001-09-01,有
11349,11,埼玉県,比企郡,ひきぐん,ときがわ町,ときがわまち,2006-02-01,有
11361,11,埼玉県,秩父郡,ちちぶぐん,横瀬町,よこぜまち,1984-10-01,有
11362,11,埼玉県,秩父郡,ちちぶぐん,皆野町,みなのまち,,
11363,11,埼玉県,秩父郡,ちちぶぐん,長瀞町,ながとろまち,1972-11-01,有
11365,11,埼玉県,秩父郡,ちちぶぐん,小鹿野町,おがのまち,2005-10-01,有
11369,11,埼玉県,秩父郡,ちちぶぐん,東秩父村,ひがしちちぶむら,,
11381,11,埼玉県,児玉郡,こだまぐん,美里町,みさとまち,1989-03-01,有
11383,11,埼玉県,児玉郡,こだまぐん,神川町,かみかわまち,2006-01-01,有
11385,11,埼玉県,児玉郡,こだまぐん,上里町,かみさとまち,1994-11-01,有
11408,11,埼玉県,大里郡,おおさとぐん,寄居町,よりいまち,2000-10-01,有
11442,11,埼玉県,南埼玉郡,みなみさいたまぐん,宮代町,みやしろまち,1999-09-01,有
11464,11,埼玉県,北葛飾郡,きたかつしかぐん,杉戸町,すぎとまち,1997-12-01,有
11465,11,埼玉県,北葛飾郡,きたかつしかぐん,松伏町,まつぶしまち,1997-11-01,有
12100,12,千葉県,千葉市,ちばし,千葉市,ちばし,2006-12-01,有
12101,12,千葉県,千葉市,ちばし,中央区,ちゅうおうく,1992-04-01,有
12102,12,千葉県,千葉市,ちばし,花見川区,はなみがわく,1992-04-01,有
12103,12,千葉県,千葉市,ちばし,稲毛区,いなげく,1992-04-01,有
12104,12,千葉県,千葉市,ちばし,若葉区,わかばく,1992-04-01,有
12105,12,千葉県,千葉市,ちばし,緑区,みどりく,1992-04-01,有
12106,12,千葉県,千葉市,ちばし,美浜区,みはまく,1992-04-01,有
12202,12,千葉県,,,銚子市,ちょうしし,2004-06-01,有
12203,12,千葉県,,,市川市,いちかわし,,
12204,12,千葉県,,,船橋市,ふなばしし,2003-04-01,有
12205,12,千葉県,,,館山市,たてやまし,1975-07-01,有
12206,12,千葉県,,,木更津市,きさらづし,2025-01-20,有
12207,12,千葉県,,,松戸市,まつどし,1999-10-01,有
12208,12,千葉県,,,野田市,のだし,2003-06-06,有
12210,12,千葉県,,,茂原市,もばらし,2012-01-01,有
12211,12,千葉県,,,成田市,なりたし,2006-03-27,有
12212,12,千葉県,,,佐倉市,さくらし,1999-10-01,有
12213,12,千葉県,,,東金市,とうがねし,1993-10-01,有
12215,12,千葉県,,,旭市,あさひし,2022-10-14,有
12216,12,千葉県,,,習志野市,ならしのし,1981-05-01,有
12217,12,千葉県,,,柏市,かしわし,2008-04-01,有
12218,12,千葉県,,,勝浦市,かつうらし,2003-01-01,有
12219,12,千葉県,,,市原市,いちはらし,1995-10-01,有
12220,12,千葉県,,,流山市,ながれやまし,1990-12-01,有
12221,12,千葉県,,,八千代市,やちよし,2012-01-01,有
12222,12,千葉県,,,我孫子市,あびこし,1996-04-01,有
12223,12,千葉県,,,鴨川市,かもがわし,2005-02-11,有
12224,12,千葉県,,,鎌ケ谷市,かまがやし,1971-09-01,有
12225,12,千葉県,,,君津市,きみつし,2003-10-01,有
12226,12,千葉県,,,富津市,ふっつし,1971-09-01,有
12227,12,千葉県,,,浦安市,うらやすし,1981-04-01,有
12228,12,千葉県,,,四街道市,よつかいどうし,2006-12-01,有
12229,12,千葉県,,,袖ケ浦市,そでがうらし,2025-01-20,有
12230,12,千葉県,,,八街市,やちまたし,1992-04-01,有
12231,12,千葉県,,,印西市,いんざいし,2012-01-01,有
12232,12,千葉県,,,白井市,しろいし,2002-01-01,有
12233,12,千葉県,,,富里市,とみさとし,2004-01-01,有
12234,12,千葉県,,,南房総市,みなみぼうそうし,2006-03-20,有
12235,12,千葉県,,,匝瑳市,そうさし,2022-10-14,有
12236,12,千葉県,,,香取市,かとりし,2006-03-27,有
12237,12,千葉県,,,山武市,さんむし,2006-03-27,有
12238,12,千葉県,,,いすみ市,いすみし,2005-12-05,有
12239,12,千葉県,,,大網白里市,おおあみしらさとし,2013-01-01,有
12322,12,千葉県,印旛郡,いんばぐん,酒々井町,しすいまち,1977-09-01,有
12329,12,千葉県,印旛郡,いんばぐん,栄町,さかえまち,1977-09-01,有
12342,12,千葉県,香取郡,かとりぐん,神崎町,こうざきまち,1996-01-01,有
12347,12,千葉県,香取郡,かとりぐん,多古町,たこまち,2025-05-30,有
12349,12,千葉県,香取郡,かとりぐん,東庄町,とうのしょうまち,2002-04-01,有
12403,12,千葉県,山武郡,さんぶぐん,九十九里町,くじゅうくりまち,1987-08-01,有
12409,12,千葉県,山武郡,さんぶぐん,芝山町,しばやままち,2025-05-30,有
12410,12,千葉県,山武郡,さんぶぐん,横芝光町,よこしばひかりまち,2006-03-27,有
12421,12,千葉県,長生郡,ちょうせいぐん,一宮町,いちのみやまち,1989-03-01,有
12422,12,千葉県,長生郡,ちょうせいぐん,睦沢町,むつざわまち,1995-03-01,有
12423,12,千葉県,長生郡,ちょうせいぐん,長生村,ちょうせいむら,1977-02-01,有
12424,12,千葉県,長生郡,ちょうせいぐん,白子町,しらこまち,1981-02-01,有
12426,12,千葉県,長生郡,ちょうせいぐん,長柄町,ながらまち,,
12427,12,千葉県,長生郡,ちょうせいぐん,長南町,ちょうなんまち,1978-02-01,有
12441,12,千葉県,夷隅郡,いすみぐん,大多喜町,おおたきまち,2003-01-01,有
12443,12,千葉県,夷隅郡,いすみぐん,御宿町,おんじゅくまち,1979-12-01,有
12463,12,千葉県,安房郡,あわぐん,鋸南町,きょなんまち,,
13100,13,東京都,,,特別区部,とくべつくぶ,,
13101,13,東京都,,,千代田区,ちよだく,1983-08-18,有
13102,13,東京都,,,中央区,ちゅうおうく,,
13103,13,東京都,,,港区,みなとく,1982-11-05,有
13104,13,東京都,,,新宿区,しんじゅくく,1983-08-18,有
13105,13,東京都,,,文京区,ぶんきょうく,,
13106,13,東京都,,,台東区,たいとうく,,
13107,13,東京都,,,墨田区,すみだく,,
13108,13,東京都,,,江東区,こうとうく,2019-11-26,有
13109,13,東京都,,,品川区,しながわく,1982-11-05,有
13110,13,東京都,,,目黒区,めぐろく,,
13111,13,東京都,,,大田区,おおたく,2019-11-26,有
13112,13,東京都,,,世田谷区,せたがやく,,
13113,13,東京都,,,渋谷区,しぶやく,,
13114,13,東京都,,,中野区,なかのく,,
13115,13,東京都,,,杉並区,すぎなみく,,
13116,13,東京都,,,豊島区,としまく,,
13117,13,東京都,,,北区,きたく,1971-01-01,有
13118,13,東京都,,,荒川区,あらかわく,,
13119,13,東京都,,,板橋区,いたばしく,1971-01-01,有
13120,13,東京都,,,練馬区,ねりまく,,
13121,13,東京都,,,足立区,あだちく,,
13122,13,東京都,,,葛飾区,かつしかく,,
13123,13,東京都,,,江戸川区,えどがわく,,
13201,13,東京都,,,八王子市,はちおうじし,2015-04-01,有
13202,13,東京都,,,立川市,たちかわし,1973-04-01,有
13203,13,東京都,,,武蔵野市,むさしのし,,
13204,13,東京都,,,三鷹市,みたかし,,
13205,13,東京都,,,青梅市,おうめし,,
13206,13,東京都,,,府中市,ふちゅうし,,
13207,13,東京都,,,昭島市,あきしまし,2015-12-01,有
13208,13,東京都,,,調布市,ちょうふし,,
13209,13,東京都,,,町田市,まちだし,2020-12-01,有
13210,13,東京都,,,小金井市,こがねいし,,
13211,13,東京都,,,小平市,こだいらし,1973-03-01,有
13212,13,東京都,,,日野市,ひのし,,
13213,13,東京都,,,東村山市,ひがしむらやまし,1985-02-08,有
13214,13,東京都,,,国分寺市,こくぶんじし,,
13215,13,東京都,,,国立市,くにたちし,,
13218,13,東京都,,,福生市,ふっさし,2015-12-01,有
13219,13,東京都,,,狛江市,こまえし,1970-10-01,有
13220,13,東京都,,,東大和市,ひがしやまとし,1970-10-01,有
13221,13,東京都,,,清瀬市,きよせし,1970-10-01,有
13222,13,東京都,,,東久留米市,ひがしくるめし,1985-02-08,有
13223,13,東京都,,,武蔵村山市,むさしむらやまし,1970-11-03,有
13224,13,東京都,,,多摩市,たまし,2002-01-01,有
13225,13,東京都,,,稲城市,いなぎし,1971-11-01,有
13227,13,東京都,,,羽村市,はむらし,1991-11-01,有
13228,13,東京都,,,あきる野市,あきるのし,1995-09-01,有
13229,13,東京都,,,西東京市,にしとうきょうし,2001-01-21,有
13303,13,東京都,西多摩郡,にしたまぐん,瑞穂町,みずほまち,,
13305,13,東京都,西多摩郡,にしたまぐん,日の出町,ひのでまち,1974-06-01,有
13307,13,東京都,西多摩郡,にしたまぐん,檜原村,ひのはらむら,,
13308,13,東京都,西多摩郡,にしたまぐん,奥多摩町,おくたままち,,
13361,13,東京都,大島支庁,おおしましちょう,大島町,おおしままち,,
13362,13,東京都,大島支庁,おおしましちょう,利島村,としまむら,,
13363,13,東京都,大島支庁,おおしましちょう,新島村,にいじまむら,1992-04-01,有
13364,13,東京都,大島支庁,おおしましちょう,神津島村,こうづしまむら,,
13381,13,東京都,三宅支庁,みやけしちょう,三宅村,みやけむら,,
13382,13,東京都,三宅支庁,みやけしちょう,御蔵島村,みくらじまむら,,
13401,13,東京都,八丈支庁,はちじょうしちょう,八丈町,はちじょうまち,,
13402,13,東京都,八丈支庁,はちじょうしちょう,青ヶ島村,あおがしまむら,,
13421,13,東京都,小笠原支庁,おがさわらしちょう,小笠原村,おがさわらむら,,
14100,14,神奈川県,横浜市,よこはまし,横浜市,よこはまし,1988-06-01,有
14101,14,神奈川県,横浜市,よこはまし,鶴見区,つるみく,,
14102,14,神奈川県,横浜市,よこはまし,神奈川区,かながわく,,
14103,14,神奈川県,横浜市,よこはまし,西区,にしく,,
14104,14,神奈川県,横浜市,よこはまし,中区,なかく,,
14105,14,神奈川県,横浜市,よこはまし,南区,みなみく,,
14106,14,神奈川県,横浜市,よこはまし,保土ケ谷区,ほどがやく,,
14107,14,神奈川県,横浜市,よこはまし,磯子区,いそごく,,
14108,14,神奈川県,横浜市,よこはまし,金沢区,かなざわく,,
14109,14,神奈川県,横浜市,よこはまし,港北区,こうほくく,1994-11-06,有
14110,14,神奈川県,横浜市,よこはまし,戸塚区,とつかく,1986-11-03,有
14111,14,神奈川県,横浜市,よこはまし,港南区,こうなんく,,
14112,14,神奈川県,横浜市,よこはまし,旭区,あさひく,,
14113,14,神奈川県,横浜市,よこはまし,緑区,みどりく,1994-11-06,有
14114,14,神奈川県,横浜市,よこはまし,瀬谷区,せやく,,
14115,14,神奈川県,横浜市,よこはまし,栄区,さかえく,1986-11-03,有
14116,14,神奈川県,横浜市,よこはまし,泉区,いずみく,1986-11-03,有
14117,14,神奈川県,横浜市,よこはまし,青葉区,あおばく,1994-11-06,有
14118,14,神奈川県,横浜市,よこはまし,都筑区,つづきく,1994-11-06,有
14130,14,神奈川県,川崎市,かわさきし,川崎市,かわさきし,1975-02-15,有
14131,14,神奈川県,川崎市,かわさきし,川崎区,かわさきく,1972-04-01,有
14132,14,神奈川県,川崎市,かわさきし,幸区,さいわいく,1972-04-01,有
14133,14,神奈川県,川崎市,かわさきし,中原区,なかはらく,1972-04-01,有
14134,14,神奈川県,川崎市,かわさきし,高津区,たかつく,1982-07-01,有
14135,14,神奈川県,川崎市,かわさきし,多摩区,たまく,1982-07-01,有
14136,14,神奈川県,川崎市,かわさきし,宮前区,みやまえく,1982-07-01,有
14137,14,神奈川県,川崎市,かわさきし,麻生区,あさおく,1982-07-01,有
14150,14,神奈川県,相模原市,さがみはらし,相模原市,さがみはらし,2020-12-01,有
14151,14,神奈川県,相模原市,さがみはらし,緑区,みどりく,2010-04-01,有
14152,14,神奈川県,相模原市,さがみはらし,中央区,ちゅうおうく,2010-04-01,有
14153,14,神奈川県,相模原市,さがみはらし,南区,みなみく,2010-04-01,有
14201,14,神奈川県,,,横須賀市,よこすかし,2001-04-01,有
14203,14,神奈川県,,,平塚市,ひらつかし,2001-04-01,有
14204,14,神奈川県,,,鎌倉市,かまくらし,1972-05-01,有
14205,14,神奈川県,,,藤沢市,ふじさわし,1971-03-25,有
14206,14,神奈川県,,,小田原市,おだわらし,2000-11-01,有
14207,14,神奈川県,,,茅ヶ崎市,ちがさきし,2003-04-01,有
14208,14,神奈川県,,,逗子市,ずしし,1975-02-15,有
14210,14,神奈川県,,,三浦市,みうらし,,
14211,14,神奈川県,,,秦野市,はだのし,1972-02-01,有
14212,14,神奈川県,,,厚木市,あつぎし,2002-04-01,有
14213,14,神奈川県,,,大和市,やまとし,2000-11-01,有
14214,14,神奈川県,,,伊勢原市,いせはらし,1975-05-01,有
14215,14,神奈川県,,,海老名市,えびなし,1982-09-01,有
14216,14,神奈川県,,,座間市,ざまし,1971-11-01,有
14217,14,神奈川県,,,南足柄市,みなみあしがらし,2001-01-10,有
14218,14,神奈川県,,,綾瀬市,あやせし,1982-09-01,有
14301,14,神奈川県,三浦郡,みうらぐん,葉山町,はやままち,1975-02-15,有
14321,14,神奈川県,高座郡,こうざぐん,寒川町,さむかわまち,,
14341,14,神奈川県,中郡,なかぐん,大磯町,おおいそまち,,
14342,14,神奈川県,中郡,なかぐん,二宮町,にのみやまち,,
14361,14,神奈川県,足柄上郡,あしがらかみぐん,中井町,なかいまち,,
14362,14,神奈川県,足柄上郡,あしがらかみぐん,大井町,おおいまち,1998-04-01,有
14363,14,神奈川県,足柄上郡,あしがらかみぐん,松田町,まつだまち,1998-04-01,有
14364,14,神奈川県,足柄上郡,あしがらかみぐん,山北町,やまきたまち,,
14366,14,神奈川県,足柄上郡,あしがらかみぐん,開成町,かいせいまち,2001-01-10,有
14382,14,神奈川県,足柄下郡,あしがらしもぐん,箱根町,はこねまち,,
14383,14,神奈川県,足柄下郡,あしがらしもぐん,真鶴町,まなづるまち,,
14384,14,神奈川県,足柄下郡,あしがらしもぐん,湯河原町,ゆがわらまち,,
14401,14,神奈川県,愛甲郡,あいこうぐん,愛川町,あいかわまち,1971-09-01,有
14402,14,神奈川県,愛甲郡,あいこうぐん,清川村,きよかわむら,,
15100,15,新潟県,新潟市,にいがたし,新潟市,にいがたし,2023-03-11,有
15101,15,新潟県,新潟市,にいがたし,北区,きたく,2007-04-01,有
15102,15,新潟県,新潟市,にいがたし,東区,ひがしく,2007-04-01,有
15103,15,新潟県,新潟市,にいがたし,中央区,ちゅうおうく,2007-04-01,有
15104,15,新潟県,新潟市,にいがたし,江南区,こうなんく,2007-04-01,有
15105,15,新潟県,新潟市,にいがたし,秋葉区,あきはく,2007-04-01,有
15106,15,新潟県,新潟市,にいがたし,南区,みなみく,2007-04-01,有
15107,15,新潟県,新潟市,にいがたし,西区,にしく,2007-04-01,有
15108,15,新潟県,新潟市,にいがたし,西蒲区,にしかんく,2007-04-01,有
15202,15,新潟県,,,長岡市,ながおかし,2024-01-27,有
15204,15,新潟県,,,三条市,さんじょうし,2011-03-26,有
15205,15,新潟県,,,柏崎市,かしわざきし,2005-05-01,有
15206,15,新潟県,,,新発田市,しばたし,2018-06-09,有
15208,15,新潟県,,,小千谷市,おぢやし,1995-10-25,有
15209,15,新潟県,,,加茂市,かもし,2011-03-26,有
15210,15,新潟県,,,十日町市,とおかまちし,2005-04-01,有
15211,15,新潟県,,,見附市,みつけし,2015-10-01,有
15212,15,新潟県,,,村上市,むらかみし,2010-06-16,有
15213,15,新潟県,,,燕市,つばめし,2024-01-27,有
15216,15,新潟県,,,糸魚川市,いといがわし,2005-03-19,有
15217,15,新潟県,,,妙高市,みょうこうし,2025-02-26,有
15218,15,新潟県,,,五泉市,ごせんし,2016-12-03,有
15222,15,新潟県,,,上越市,じょうえつし,2025-02-26,有
15223,15,新潟県,,,阿賀野市,あがのし,2016-12-03,有
15224,15,新潟県,,,佐渡市,さどし,2004-03-01,有
15225,15,新潟県,,,魚沼市,うおぬまし,2004-11-01,有
15226,15,新潟県,,,南魚沼市,みなみうおぬまし,2005-10-01,有
15227,15,新潟県,,,胎内市,たいないし,2010-06-16,有
15307,15,新潟県,北蒲原郡,きたかんばらぐん,聖籠町,せいろうまち,2018-06-09,有
15342,15,新潟県,西蒲原郡,にしかんばらぐん,弥彦村,やひこむら,2018-05-30,有
15361,15,新潟県,南蒲原郡,みなみかんばらぐん,田上町,たがみまち,1973-08-01,有
15385,15,新潟県,東蒲原郡,ひがしかんばらぐん,阿賀町,あがまち,2005-04-01,有
15405,15,新潟県,三島郡,さんとうぐん,出雲崎町,いずもざきまち,1979-05-01,有
15461,15,新潟県,南魚沼郡,みなみうおぬまぐん,湯沢町,ゆざわまち,1982-03-23,有
15482,15,新潟県,中魚沼郡,なかうおぬまぐん,津南町,つなんまち,1997-12-27,有
15504,15,新潟県,刈羽郡,かりわぐん,刈羽村,かりわむら,2002-03-16,有
15581,15,新潟県,岩船郡,いわふねぐん,関川村,せきかわむら,1972-09-01,有
15586,15,新潟県,岩船郡,いわふねぐん,粟島浦村,あわしまうらむら,,
16201,16,富山県,,,富山市,とやまし,2005-04-01,有
16202,16,富山県,,,高岡市,たかおかし,2005-11-01,有
16204,16,富山県,,,魚津市,うおづし,1989-06-01,有
16205,16,富山県,,,氷見市,ひみし,,
16206,16,富山県,,,滑川市,なめりかわし,1991-03-25,有
16207,16,富山県,,,黒部市,くろべし,2006-03-31,有
16208,16,富山県,,,砺波市,となみし,2004-11-01,有
16209,16,富山県,,,小矢部市,おやべし,1992-03-01,有
16210,16,富山県,,,南砺市,なんとし,2004-11-01,有
16211,16,富山県,,,射水市,いみずし,2005-11-01,有
16321,16,富山県,中新川郡,なかにいかわぐん,舟橋村,ふなはしむら,2000-03-01,有
16322,16,富山県,中新川郡,なかにいかわぐん,上市町,かみいちまち,1991-03-25,有
16323,16,富山県,中新川郡,なかにいかわぐん,立山町,たてやままち,2000-03-01,有
16342,16,富山県,下新川郡,しもにいかわぐん,入善町,にゅうぜんまち,2014-12-01,有
16343,16,富山県,下新川郡,しもにいかわぐん,朝日町,あさひまち,2014-12-01,有
17201,17,石川県,,,金沢市,かなざわし,1999-05-01,有
17202,17,石川県,,,七尾市,ななおし,2022-03-01,有
17203,17,石川県,,,小松市,こまつし,2008-09-01,有
17204,17,石川県,,,輪島市,わじまし,2006-02-01,有
17205,17,石川県,,,珠洲市,すずし,,
17206,17,石川県,,,加賀市,かがし,2008-09-01,有
17207,17,石川県,,,羽咋市,はくいし,2006-08-01,有
17209,17,石川県,,,かほく市,かほくし,2014-03-01,有
17210,17,石川県,,,白山市,はくさんし,2013-06-01,有
17211,17,石川県,,,能美市,のみし,2005-02-01,有
17212,17,石川県,,,野々市市,ののいちし,2013-06-01,有
17324,17,石川県,能美郡,のみぐん,川北町,かわきたまち,1993-04-01,有
17361,17,石川県,河北郡,かほくぐん,津幡町,つばたまち,2014-03-01,有
17365,17,石川県,河北郡,かほくぐん,内灘町,うちなだまち,1978-03-30,有
17384,17,石川県,羽咋郡,はくいぐん,志賀町,しかまち,2005-09-01,有
17386,17,石川県,羽咋郡,はくいぐん,宝達志水町,ほうだつしみずちょう,2006-08-01,有
17407,17,石川県,鹿島郡,かしまぐん,中能登町,なかのとまち,2022-03-01,有
17461,17,石川県,鳳珠郡,ほうすぐん,穴水町,あなみずまち,2005-03-01,有
17463,17,石川県,鳳珠郡,ほうすぐん,能登町,のとちょう,2005-03-01,有
18201,18,福井県,,,福井市,ふくいし,2019-04-01,有
18202,18,福井県,,,敦賀市,つるがし,,
18204,18,福井県,,,小浜市,おばまし,1993-02-04,有
18205,18,福井県,,,大野市,おおのし,2005-11-07,有
18206,18,福井県,,,勝山市,かつやまし,,
18207,18,福井県,,,鯖江市,さばえし,1988-06-01,有
18208,18,福井県,,,あわら市,あわらし,2007-04-03,有
18209,18,福井県,,,越前市,えちぜんし,2005-10-01,有
18210,18,福井県,,,坂井市,さかいし,2017-08-22,有
18322,18,福井県,吉田郡,よしだぐん,永平寺町,えいへいじちょう,2006-02-13,有
18382,18,福井県,今立郡,いまだてぐん,池田町,いけだちょう,,
18404,18,福井県,南条郡,なんじょうぐん,南越前町,みなみえちぜんちょう,2005-01-01,有
18423,18,福井県,丹生郡,にゅうぐん,越前町,えちぜんちょう,2005-02-01,有
18442,18,福井県,三方郡,みかたぐん,美浜町,みはまちょう,1985-03-01,有
18481,18,福井県,大飯郡,おおいぐん,高浜町,たかはまちょう,,
18483,18,福井県,大飯郡,おおいぐん,おおい町,おおいちょう,2006-03-03,有
18501,18,福井県,三方上中郡,みかたかみなかぐん,若狭町,わかさちょう,2005-03-31,有
19201,19,山梨県,,,甲府市,こうふし,2019-04-01,有
19202,19,山梨県,,,富士吉田市,ふじよしだし,,
19204,19,山梨県,,,都留市,つるし,,
19205,19,山梨県,,,山梨市,やまなしし,2005-03-22,有
19206,19,山梨県,,,大月市,おおつきし,,
19207,19,山梨県,,,韮崎市,にらさきし,,
19208,19,山梨県,,,南アルプス市,みなみあるぷすし,2010-07-30,有
19209,19,山梨県,,,北杜市,ほくとし,2006-03-15,有
19210,19,山梨県,,,甲斐市,かいし,2004-09-01,有
19211,19,山梨県,,,笛吹市,ふえふきし,2006-08-01,有
19212,19,山梨県,,,上野原市,うえのはらし,2005-02-13,有
19213,19,山梨県,,,甲州市,こうしゅうし,2005-11-01,有
19214,19,山梨県,,,中央市,ちゅうおうし,2006-02-20,有
19346,19,山梨県,西八代郡,にしやつしろぐん,市川三郷町,いちかわみさとちょう,2016-04-26,有
19364,19,山梨県,南巨摩郡,みなみこまぐん,早川町,はやかわちょう,,
19365,19,山梨県,南巨摩郡,みなみこまぐん,身延町,みのぶちょう,2004-09-13,有
19366,19,山梨県,南巨摩郡,みなみこまぐん,南部町,なんぶちょう,2003-03-01,有
19368,19,山梨県,南巨摩郡,みなみこまぐん,富士川町,ふじかわちょう,2016-04-26,有
19384,19,山梨県,中巨摩郡,なかこまぐん,昭和町,しょうわちょう,2010-07-30,有
19422,19,山梨県,南都留郡,みなみつるぐん,道志村,どうしむら,,
19423,19,山梨県,南都留郡,みなみつるぐん,西桂町,にしかつらちょう,,
19424,19,山梨県,南都留郡,みなみつるぐん,忍野村,おしのむら,,
19425,19,山梨県,南都留郡,みなみつるぐん,山中湖村,やまなかこむら,,
19429,19,山梨県,南都留郡,みなみつるぐん,鳴沢村,なるさわむら,,
19430,19,山梨県,南都留郡,みなみつるぐん,富士河口湖町,ふじかわぐちこまち,2006-03-01,有
19442,19,山梨県,北都留郡,きたつるぐん,小菅村,こすげむら,,
19443,19,山梨県,北都留郡,きたつるぐん,丹波山村,たばやまむら,,
20201,20,長野県,,,長野市,ながのし,2010-01-01,有
20202,20,長野県,,,松本市,まつもとし,2021-04-01,有
20203,20,長野県,,,上田市,うえだし,2006-03-06,有
20204,20,長野県,,,岡谷市,おかやし,1983-08-01,有
20205,20,長野県,,,飯田市,いいだし,2005-10-01,有
20206,20,長野県,,,諏訪市,すわし,2009-07-01,有
20207,20,長野県,,,須坂市,すざかし,1971-04-30,有
20208,20,長野県,,,小諸市,こもろし,2013-02-01,有
20209,20,長野県,,,伊那市,いなし,2006-03-31,有
20210,20,長野県,,,駒ヶ根市,こまがねし,,
20211,20,長野県,,,中野市,なかのし,2005-04-01,有
20212,20,長野県,,,大町市,おおまちし,2006-01-01,有
20213,20,長野県,,,飯山市,いいやまし,2000-04-01,有
20214,20,長野県,,,茅野市,ちのし,2009-07-01,有
20215,20,長野県,,,塩尻市,しおじりし,2005-04-01,有
20217,20,長野県,,,佐久市,さくし,2013-02-01,有
20218,20,長野県,,,千曲市,ちくまし,2003-09-01,有
20219,20,長野県,,,東御市,とうみし,2004-04-01,有
20220,20,長野県,,,安曇野市,あづみのし,2005-10-01,有
20303,20,長野県,南佐久郡,みなみさくぐん,小海町,こうみまち,,
20304,20,長野県,南佐久郡,みなみさくぐん,川上村,かわかみむら,,
20305,20,長野県,南佐久郡,みなみさくぐん,南牧村,みなみまきむら,,
20306,20,長野県,南佐久郡,みなみさくぐん,南相木村,みなみあいきむら,,
20307,20,長野県,南佐久郡,みなみさくぐん,北相木村,きたあいきむら,,
20309,20,長野県,南佐久郡,みなみさくぐん,佐久穂町,さくほまち,2005-03-20,有
20321,20,長野県,北佐久郡,きたさくぐん,軽井沢町,かるいざわまち,1971-08-10,有
20323,20,長野県,北佐久郡,きたさくぐん,御代田町,みよたまち,1997-11-07,有
20324,20,長野県,北佐久郡,きたさくぐん,立科町,たてしなまち,1988-06-22,有
20349,20,長野県,小県郡,ちいさがたぐん,青木村,あおきむら,1976-12-01,有
20350,20,長野県,小県郡,ちいさがたぐん,長和町,ながわまち,2005-10-01,有
20361,20,長野県,諏訪郡,すわぐん,下諏訪町,しもすわまち,1983-08-01,有
20362,20,長野県,諏訪郡,すわぐん,富士見町,ふじみまち,2004-06-01,有
20363,20,長野県,諏訪郡,すわぐん,原村,はらむら,2004-06-01,有
20382,20,長野県,上伊那郡,かみいなぐん,辰野町,たつのまち,,
20383,20,長野県,上伊那郡,かみいなぐん,箕輪町,みのわまち,1991-06-01,有
20384,20,長野県,上伊那郡,かみいなぐん,飯島町,いいじままち,1986-03-01,有
20385,20,長野県,上伊那郡,かみいなぐん,南箕輪村,みなみみのわむら,1975-12-01,有
20386,20,長野県,上伊那郡,かみいなぐん,中川村,なかがわむら,1986-03-01,有
20388,20,長野県,上伊那郡,かみいなぐん,宮田村,みやだむら,1974-12-01,有
20402,20,長野県,下伊那郡,しもいなぐん,松川町,まつかわまち,1981-03-30,有
20403,20,長野県,下伊那郡,しもいなぐん,高森町,たかもりまち,1972-04-20,有
20404,20,長野県,下伊那郡,しもいなぐん,阿南町,あなんちょう,,
20407,20,長野県,下伊那郡,しもいなぐん,阿智村,あちむら,2009-03-31,有
20409,20,長野県,下伊那郡,しもいなぐん,平谷村,ひらやむら,,
20410,20,長野県,下伊那郡,しもいなぐん,根羽村,ねばむら,,
20411,20,長野県,下伊那郡,しもいなぐん,下條村,しもじょうむら,,
20412,20,長野県,下伊那郡,しもいなぐん,売木村,うるぎむら,,
20413,20,長野県,下伊那郡,しもいなぐん,天龍村,てんりゅうむら,,
20414,20,長野県,下伊那郡,しもいなぐん,泰阜村,やすおかむら,,
20415,20,長野県,下伊那郡,しもいなぐん,喬木村,たかぎむら,1979-12-01,有
20416,20,長野県,下伊那郡,しもいなぐん,豊丘村,とよおかむら,,
20417,20,長野県,下伊那郡,しもいなぐん,大鹿村,おおしかむら,,
20422,20,長野県,木曽郡,きそぐん,上松町,あげまつまち,,
20423,20,長野県,木曽郡,きそぐん,南木曽町,なぎそまち,,
20425,20,長野県,木曽郡,きそぐん,木祖村,きそむら,,
20429,20,長野県,木曽郡,きそぐん,王滝村,おうたきむら,,
20430,20,長野県,木曽郡,きそぐん,大桑村,おおくわむら,,
20432,20,長野県,木曽郡,きそぐん,木曽町,きそまち,2005-11-01,有
20446,20,長野県,東筑摩郡,ひがしちくまぐん,麻績村,おみむら,1992-10-01,有
20448,20,長野県,東筑摩郡,ひがしちくまぐん,生坂村,いくさかむら,,
20450,20,長野県,東筑摩郡,ひがしちくまぐん,山形村,やまがたむら,1998-09-30,有
20451,20,長野県,東筑摩郡,ひがしちくまぐん,朝日村,あさひむら,1995-04-01,有
20452,20,長野県,東筑摩郡,ひがしちくまぐん,筑北村,ちくほくむら,2005-10-11,有
20481,20,長野県,北安曇郡,きたあづみぐん,池田町,いけだまち,1982-06-01,有
20482,20,長野県,北安曇郡,きたあづみぐん,松川村,まつかわむら,1991-04-01,有
20485,20,長野県,北安曇郡,きたあづみぐん,白馬村,はくばむら,,
20486,20,長野県,北安曇郡,きたあづみぐん,小谷村,おたりむら,,
20521,20,長野県,埴科郡,はにしなぐん,坂城町,さかきまち,1993-05-01,有
20541,20,長野県,上高井郡,かみたかいぐん,小布施町,おぶせまち,,
20543,20,長野県,上高井郡,かみたかいぐん,高山村,たかやまむら,,
20561,20,長野県,下高井郡,しもたかいぐん,山ノ内町,やまのうちまち,,
20562,20,長野県,下高井郡,しもたかいぐん,木島平村,きじまだいらむら,2000-04-01,有
20563,20,長野県,下高井郡,しもたかいぐん,野沢温泉村,のざわおんせんむら,,
20583,20,長野県,上水内郡,かみみのちぐん,信濃町,しなのまち,,
20588,20,長野県,上水内郡,かみみのちぐん,小川村,おがわむら,,
20590,20,長野県,上水内郡,かみみのちぐん,飯綱町,いいづなまち,2005-10-01,有
20602,20,長野県,下水内郡,しもみのちぐん,栄村,さかえむら,,
21201,21,岐阜県,,,岐阜市,ぎふし,2006-01-01,有
21202,21,岐阜県,,,大垣市,おおがきし,2009-10-31,有
21203,21,岐阜県,,,高山市,たかやまし,2005-02-01,有
21204,21,岐阜県,,,多治見市,たじみし,2006-01-23,有
21205,21,岐阜県,,,関市,せきし,2005-02-07,有
21206,21,岐阜県,,,中津川市,なかつがわし,2005-02-13,有
21207,21,岐阜県,,,美濃市,みのし,1987-07-01,有
21208,21,岐阜県,,,瑞浪市,みずなみし,1990-06-01,有
21209,21,岐阜県,,,羽島市,はしまし,1992-11-01,有
21210,21,岐阜県,,,恵那市,えなし,2004-10-25,有
21211,21,岐阜県,,,美濃加茂市,みのかもし,1989-06-01,有
21212,21,岐阜県,,,土岐市,ときし,,
21213,21,岐阜県,,,各務原市,かかみがはらし,2004-11-01,有
21214,21,岐阜県,,,可児市,かにし,2005-05-01,有
21215,21,岐阜県,,,山県市,やまがたし,2003-04-01,有
21216,21,岐阜県,,,瑞穂市,みずほし,2009-10-31,有
21217,21,岐阜県,,,飛騨市,ひだし,2004-02-01,有
21218,21,岐阜県,,,本巣市,もとすし,2004-02-01,有
21219,21,岐阜県,,,郡上市,ぐじょうし,2004-03-01,有
21220,21,岐阜県,,,下呂市,げろし,2004-03-01,有
21221,21,岐阜県,,,海津市,かいづし,2011-12-01,有
21302,21,岐阜県,羽島郡,はしまぐん,岐南町,ぎなんちょう,1979-04-01,有
21303,21,岐阜県,羽島郡,はしまぐん,笠松町,かさまつちょう,1986-02-01,有
21341,21,岐阜県,養老郡,ようろうぐん,養老町,ようろうちょう,2011-12-01,有
21361,21,岐阜県,不破郡,ふわぐん,垂井町,たるいちょう,1985-12-01,有
21362,21,岐阜県,不破郡,ふわぐん,関ケ原町,せきがはらちょう,1984-06-01,有
21381,21,岐阜県,安八郡,あんぱちぐん,神戸町,ごうどちょう,2006-02-01,有
21382,21,岐阜県,安八郡,あんぱちぐん,輪之内町,わのうちちょう,2000-03-01,有
21383,21,岐阜県,安八郡,あんぱちぐん,安八町,あんぱちちょう,2009-10-31,有
21401,21,岐阜県,揖斐郡,いびぐん,揖斐川町,いびがわちょう,2005-01-31,有
21403,21,岐阜県,揖斐郡,いびぐん,大野町,おおのちょう,1998-03-01,有
21404,21,岐阜県,揖斐郡,いびぐん,池田町,いけだちょう,2006-02-01,有
21421,21,岐阜県,本巣郡,もとすぐん,北方町,きたがたちょう,1989-06-01,有
21501,21,岐阜県,加茂郡,かもぐん,坂祝町,さかほぎちょう,1985-12-01,有
21502,21,岐阜県,加茂郡,かもぐん,富加町,とみかちょう,1988-12-01,有
21503,21,岐阜県,加茂郡,かもぐん,川辺町,かわべちょう,1989-03-01,有
21504,21,岐阜県,加茂郡,かもぐん,七宗町,ひちそうちょう,1971-04-01,有
21505,21,岐阜県,加茂郡,かもぐん,八百津町,やおつちょう,1989-06-01,有
21506,21,岐阜県,加茂郡,かもぐん,白川町,しらかわちょう,,
21507,21,岐阜県,加茂郡,かもぐん,東白川村,ひがししらかわむら,,
21521,21,岐阜県,可児郡,かにぐん,御嵩町,みたけちょう,2002-12-01,有
21604,21,岐阜県,大野郡,おおのぐん,白川村,しらかわむら,,
22100,22,静岡県,静岡市,しずおかし,静岡市,しずおかし,2005-04-01,有
22101,22,静岡県,静岡市,しずおかし,葵区,あおいく,2005-04-01,有
22102,22,静岡県,静岡市,しずおかし,駿河区,するがく,2005-04-01,有
22103,22,静岡県,静岡市,しずおかし,清水区,しみずく,2008-11-01,有
22130,22,静岡県,浜松市,はままつし,浜松市,はままつし,2024-01-01,有
22138,22,静岡県,浜松市,はままつし,中央区,ちゅうおうく,2024-01-01,有
22139,22,静岡県,浜松市,はままつし,浜名区,はまなく,2024-01-01,有
22140,22,静岡県,浜松市,はままつし,天竜区,てんりゅうく,2024-01-01,有
22203,22,静岡県,,,沼津市,ぬまづし,2005-04-01,有
22205,22,静岡県,,,熱海市,あたみし,,
22206,22,静岡県,,,三島市,みしまし,2013-12-01,有
22207,22,静岡県,,,富士宮市,ふじのみやし,2010-03-23,有
22208,22,静岡県,,,伊東市,いとうし,,
22209,22,静岡県,,,島田市,しまだし,2008-04-01,有
22210,22,静岡県,,,富士市,ふじし,2008-11-01,有
22211,22,静岡県,,,磐田市,いわたし,2009-02-17,有
22212,22,静岡県,,,焼津市,やいづし,2008-11-01,有
22213,22,静岡県,,,掛川市,かけがわし,2005-04-01,有
22214,22,静岡県,,,藤枝市,ふじえだし,2009-01-01,有
22215,22,静岡県,,,御殿場市,ごてんばし,2004-09-03,有
22216,22,静岡県,,,袋井市,ふくろいし,2009-02-17,有
22219,22,静岡県,,,下田市,しもだし,1971-01-01,有
22220,22,静岡県,,,裾野市,すそのし,1971-01-01,有
22221,22,静岡県,,,湖西市,こさいし,2010-03-23,有
22222,22,静岡県,,,伊豆市,いずし,2004-04-01,有
22223,22,静岡県,,,御前崎市,おまえざきし,2004-04-01,有
22224,22,静岡県,,,菊川市,きくがわし,2005-01-17,有
22225,22,静岡県,,,伊豆の国市,いずのくにし,2005-04-01,有
22226,22,静岡県,,,牧之原市,まきのはらし,2005-10-11,有
22301,22,静岡県,賀茂郡,かもぐん,東伊豆町,ひがしいずちょう,,
22302,22,静岡県,賀茂郡,かもぐん,河津町,かわづちょう,,
22304,22,静岡県,賀茂郡,かもぐん,南伊豆町,みなみいずちょう,,
22305,22,静岡県,賀茂郡,かもぐん,松崎町,まつざきちょう,,
22306,22,静岡県,賀茂郡,かもぐん,西伊豆町,にしいずちょう,2005-04-01,有
22325,22,静岡県,田方郡,たがたぐん,函南町,かんなみちょう,2013-12-01,有
22341,22,静岡県,駿東郡,すんとうぐん,清水町,しみずちょう,,
22342,22,静岡県,駿東郡,すんとうぐん,長泉町,ながいずみちょう,,
22344,22,静岡県,駿東郡,すんとうぐん,小山町,おやまちょう,2004-09-03,有
22424,22,静岡県,榛原郡,はいばらぐん,吉田町,よしだちょう,1977-12-01,有
22429,22,静岡県,榛原郡,はいばらぐん,川根本町,かわねほんちょう,2005-09-20,有
22461,22,静岡県,周智郡,しゅうちぐん,森町,もりまち,1983-03-01,有
23100,23,愛知県,名古屋市,なごやし,名古屋市,なごやし,2003-07-29,有
23101,23,愛知県,名古屋市,なごやし,千種区,ちくさく,1975-02-01,有
23102,23,愛知県,名古屋市,なごやし,東区,ひがしく,,
23103,23,愛知県,名古屋市,なごやし,北区,きたく,,
23104,23,愛知県,名古屋市,なごやし,西区,にしく,,
23105,23,愛知県,名古屋市,なごやし,中村区,なかむらく,,
23106,23,愛知県,名古屋市,なごやし,中区,なかく,,
23107,23,愛知県,名古屋市,なごやし,昭和区,しょうわく,1975-02-01,有
23108,23,愛知県,名古屋市,なごやし,瑞穂区,みずほく,,
23109,23,愛知県,名古屋市,なごやし,熱田区,あつたく,,
23110,23,愛知県,名古屋市,なごやし,中川区,なかがわく,,
23111,23,愛知県,名古屋市,なごやし,港区,みなとく,,
23112,23,愛知県,名古屋市,なごやし,南区,みなみく,,
23113,23,愛知県,名古屋市,なごやし,守山区,もりやまく,,
23114,23,愛知県,名古屋市,なごやし,緑区,みどりく,,
23115,23,愛知県,名古屋市,なごやし,名東区,めいとうく,1975-02-01,有
23116,23,愛知県,名古屋市,なごやし,天白区,てんぱくく,1975-02-01,有
23201,23,愛知県,,,豊橋市,とよはしし,1999-04-01,有
23202,23,愛知県,,,岡崎市,おかざきし,2006-04-01,有
23203,23,愛知県,,,一宮市,いちのみやし,2021-04-01,有
23204,23,愛知県,,,瀬戸市,せとし,2017-04-01,有
23205,23,愛知県,,,半田市,はんだし,1995-09-01,有
23206,23,愛知県,,,春日井市,かすがいし,2001-04-01,有
23207,23,愛知県,,,豊川市,とよかわし,2010-02-01,有
23208,23,愛知県,,,津島市,つしまし,1996-07-01,有
23209,23,愛知県,,,碧南市,へきなんし,1977-12-01,有
23210,23,愛知県,,,刈谷市,かりやし,1994-05-01,有
23211,23,愛知県,,,豊田市,とよたし,2005-04-01,有
23212,23,愛知県,,,安城市,あんじょうし,2006-04-01,有
23213,23,愛知県,,,西尾市,にしおし,2011-04-01,有
23214,23,愛知県,,,蒲郡市,がまごおりし,1981-01-01,有
23215,23,愛知県,,,犬山市,いぬやまし,1983-03-01,有
23216,23,愛知県,,,常滑市,とこなめし,2000-12-01,有
23217,23,愛知県,,,江南市,こうなんし,2006-04-01,有
23219,23,愛知県,,,小牧市,こまきし,1983-03-01,有
23220,23,愛知県,,,稲沢市,いなざわし,2011-04-01,有
23221,23,愛知県,,,新城市,しんしろし,2005-10-01,有
23222,23,愛知県,,,東海市,とうかいし,2022-04-01,有
23223,23,愛知県,,,大府市,おおぶし,2022-04-01,有
23224,23,愛知県,,,知多市,ちたし,2000-12-01,有
23225,23,愛知県,,,知立市,ちりゅうし,2004-05-01,有
23226,23,愛知県,,,尾張旭市,おわりあさひし,2017-04-01,有
23227,23,愛知県,,,高浜市,たかはまし,1991-01-02,有
23228,23,愛知県,,,岩倉市,いわくらし,1998-10-01,有
23229,23,愛知県,,,豊明市,とよあけし,2007-04-01,有
23230,23,愛知県,,,日進市,にっしんし,1995-09-01,有
23231,23,愛知県,,,田原市,たはらし,2005-10-01,有
23232,23,愛知県,,,愛西市,あいさいし,2005-09-01,有
23233,23,愛知県,,,清須市,きよすし,2011-04-01,有
23234,23,愛知県,,,北名古屋市,きたなごやし,2006-03-20,有
23235,23,愛知県,,,弥富市,やとみし,2006-04-01,有
23236,23,愛知県,,,みよし市,みよしし,2010-01-04,有
23237,23,愛知県,,,あま市,あまし,2010-03-22,有
23238,23,愛知県,,,長久手市,ながくてし,2012-01-04,有
23302,23,愛知県,愛知郡,あいちぐん,東郷町,とうごうちょう,2007-04-01,有
23342,23,愛知県,西春日井郡,にしかすがいぐん,豊山町,とよやまちょう,1972-04-01,有
23361,23,愛知県,丹羽郡,にわぐん,大口町,おおぐちちょう,2006-04-01,有
23362,23,愛知県,丹羽郡,にわぐん,扶桑町,ふそうちょう,1983-02-01,有
23424,23,愛知県,海部郡,あまぐん,大治町,おおはるちょう,1975-04-01,有
23425,23,愛知県,海部郡,あまぐん,蟹江町,かにえちょう,1996-07-01,有
23427,23,愛知県,海部郡,あまぐん,飛島村,とびしまむら,1972-01-25,有
23441,23,愛知県,知多郡,ちたぐん,阿久比町,あぐいちょう,1999-09-01,有
23442,23,愛知県,知多郡,ちたぐん,東浦町,ひがしうらちょう,1988-04-01,有
23445,23,愛知県,知多郡,ちたぐん,南知多町,みなみちたちょう,1992-01-04,有
23446,23,愛知県,知多郡,ちたぐん,美浜町,みはまちょう,1993-02-01,有
23447,23,愛知県,知多郡,ちたぐん,武豊町,たけとよちょう,1999-08-01,有
23501,23,愛知県,額田郡,ぬかたぐん,幸田町,こうたちょう,1975-07-01,有
23561,23,愛知県,北設楽郡,きたしたらぐん,設楽町,したらちょう,2005-10-01,有
23562,23,愛知県,北設楽郡,きたしたらぐん,東栄町,とうえいちょう,,
23563,23,愛知県,北設楽郡,きたしたらぐん,豊根村,とよねむら,2005-11-27,有
24201,24,三重県,,,津市,つし,2006-01-01,有
24202,24,三重県,,,四日市市,よっかいちし,2005-02-07,有
24203,24,三重県,,,伊勢市,いせし,2006-04-01,有
24204,24,三重県,,,松阪市,まつさかし,2005-01-01,有
24205,24,三重県,,,桑名市,くわなし,2004-12-06,有
24207,24,三重県,,,鈴鹿市,すずかし,1998-10-01,有
24208,24,三重県,,,名張市,なばりし,,
24209,24,三重県,,,尾鷲市,おわせし,,
24210,24,三重県,,,亀山市,かめやまし,2005-01-11,有
24211,24,三重県,,,鳥羽市,とばし,,
24212,24,三重県,,,熊野市,くまのし,2005-11-01,有
24214,24,三重県,,,いなべ市,いなべし,2003-12-01,有
24215,24,三重県,,,志摩市,しまし,2004-10-01,有
24216,24,三重県,,,伊賀市,いがし,2004-11-01,有
24303,24,三重県,桑名郡,くわなぐん,木曽岬町,きそさきちょう,1996-05-30,有
24324,24,三重県,員弁郡,いなべぐん,東員町,とういんちょう,1998-04-01,有
24341,24,三重県,三重郡,みえぐん,菰野町,こものちょう,1987-04-01,有
24343,24,三重県,三重郡,みえぐん,朝日町,あさひちょう,,
24344,24,三重県,三重郡,みえぐん,川越町,かわごえちょう,,
24441,24,三重県,多気郡,たきぐん,多気町,たきちょう,2006-01-01,有
24442,24,三重県,多気郡,たきぐん,明和町,めいわちょう,2002-05-17,有
24443,24,三重県,多気郡,たきぐん,大台町,おおだいちょう,2006-01-10,有
24461,24,三重県,度会郡,わたらいぐん,玉城町,たまきちょう,2006-04-01,有
24470,24,三重県,度会郡,わたらいぐん,度会町,わたらいちょう,,
24471,24,三重県,度会郡,わたらいぐん,大紀町,たいきちょう,2005-02-14,有
24472,24,三重県,度会郡,わたらいぐん,南伊勢町,みなみいせちょう,2005-10-01,有
24543,24,三重県,北牟婁郡,きたむろぐん,紀北町,きほくちょう,2005-10-11,有
24561,24,三重県,南牟婁郡,みなみむろぐん,御浜町,みはまちょう,1983-10-01,有
24562,24,三重県,南牟婁郡,みなみむろぐん,紀宝町,きほうちょう,2006-01-10,有
25201,25,滋賀県,,,大津市,おおつし,2009-04-01,有
25202,25,滋賀県,,,彦根市,ひこねし,2011-01-07,有
25203,25,滋賀県,,,長浜市,ながはまし,2010-01-01,有
25204,25,滋賀県,,,近江八幡市,おうみはちまんし,2010-03-21,有
25206,25,滋賀県,,,草津市,くさつし,2007-09-28,有
25207,25,滋賀県,,,守山市,もりやまし,2010-07-30,有
25208,25,滋賀県,,,栗東市,りっとうし,2001-10-01,有
25209,25,滋賀県,,,甲賀市,こうかし,2004-10-01,有
25210,25,滋賀県,,,野洲市,やすし,2010-07-30,有
25211,25,滋賀県,,,湖南市,こなんし,2004-10-01,有
25212,25,滋賀県,,,高島市,たかしまし,2007-09-28,有
25213,25,滋賀県,,,東近江市,ひがしおうみし,2007-09-28,有
25214,25,滋賀県,,,米原市,まいばらし,2007-09-28,有
25383,25,滋賀県,蒲生郡,がもうぐん,日野町,ひのちょう,1989-03-01,有
25384,25,滋賀県,蒲生郡,がもうぐん,竜王町,りゅうおうちょう,1985-12-01,有
25425,25,滋賀県,愛知郡,えちぐん,愛荘町,あいしょうちょう,2011-01-07,有
25441,25,滋賀県,犬上郡,いぬかみぐん,豊郷町,とよさとちょう,1994-12-09,有
25442,25,滋賀県,犬上郡,いぬかみぐん,甲良町,こうらちょう,2002-06-24,有
25443,25,滋賀県,犬上郡,いぬかみぐん,多賀町,たがちょう,,
26100,26,京都府,京都市,きょうとし,京都市,きょうとし,2004-12-20,有
26101,26,京都府,京都市,きょうとし,北区,きたく,,
26102,26,京都府,京都市,きょうとし,上京区,かみぎょうく,,
26103,26,京都府,京都市,きょうとし,左京区,さきょうく,,
26104,26,京都府,京都市,きょうとし,中京区,なかぎょうく,,
26105,26,京都府,京都市,きょうとし,東山区,ひがしやまく,1976-10-01,有
26106,26,京都府,京都市,きょうとし,下京区,しもぎょうく,,
26107,26,京都府,京都市,きょうとし,南区,みなみく,,
26108,26,京都府,京都市,きょうとし,右京区,うきょうく,2005-04-01,有
26109,26,京都府,京都市,きょうとし,伏見区,ふしみく,,
26110,26,京都府,京都市,きょうとし,山科区,やましなく,1976-10-01,有
26111,26,京都府,京都市,きょうとし,西京区,にしきょうく,1976-10-01,有
26201,26,京都府,,,福知山市,ふくちやまし,2006-01-01,有
26202,26,京都府,,,舞鶴市,まいづるし,,
26203,26,京都府,,,綾部市,あやべし,1998-03-12,有
26204,26,京都府,,,宇治市,うじし,2004-12-20,有
26205,26,京都府,,,宮津市,みやづし,2025-04-01,有
26206,26,京都府,,,亀岡市,かめおかし,1988-09-01,有
26207,26,京都府,,,城陽市,じょうようし,1972-05-03,有
26208,26,京都府,,,向日市,むこうし,1972-10-01,有
26209,26,京都府,,,長岡京市,ながおかきょうし,1972-10-01,有
26210,26,京都府,,,八幡市,やわたし,1979-02-01,有
26211,26,京都府,,,京田辺市,きょうたなべし,1997-04-01,有
26212,26,京都府,,,京丹後市,きょうたんごし,2004-04-01,有
26213,26,京都府,,,南丹市,なんたんし,2006-01-01,有
26214,26,京都府,,,木津川市,きづがわし,2007-03-12,有
26303,26,京都府,乙訓郡,おとくにぐん,大山崎町,おおやまざきちょう,,
26322,26,京都府,久世郡,くせぐん,久御山町,くみやまちょう,2003-12-25,有
26343,26,京都府,綴喜郡,つづきぐん,井手町,いでちょう,,
26344,26,京都府,綴喜郡,つづきぐん,宇治田原町,うじたわらちょう,,
26364,26,京都府,相楽郡,そうらくぐん,笠置町,かさぎちょう,,
26365,26,京都府,相楽郡,そうらくぐん,和束町,わづかちょう,,
26366,26,京都府,相楽郡,そうらくぐん,精華町,せいかちょう,1979-05-01,有
26367,26,京都府,相楽郡,そうらくぐん,南山城村,みなみやましろむら,,
26407,26,京都府,船井郡,ふないぐん,京丹波町,きょうたんばちょう,2005-10-11,有
26463,26,京都府,与謝郡,よさぐん,伊根町,いねちょう,2025-04-01,有
26465,26,京都府,与謝郡,よさぐん,与謝野町,よさのちょう,2013-09-30,有
27100,27,大阪府,大阪市,おおさかし,大阪市,おおさかし,1986-05-01,有
27102,27,大阪府,大阪市,おおさかし,都島区,みやこじまく,,
27103,27,大阪府,大阪市,おおさかし,福島区,ふくしまく,,
27104,27,大阪府,大阪市,おおさかし,此花区,このはなく,,
27106,27,大阪府,大阪市,おおさかし,西区,にしく,,
27107,27,大阪府,大阪市,おおさかし,港区,みなとく,,
27108,27,大阪府,大阪市,おおさかし,大正区,たいしょうく,,
27109,27,大阪府,大阪市,おおさかし,天王寺区,てんのうじく,,
27111,27,大阪府,大阪市,おおさかし,浪速区,なにわく,,
27113,27,大阪府,大阪市,おおさかし,西淀川区,にしよどがわく,,
27114,27,大阪府,大阪市,おおさかし,東淀川区,ひがしよどがわく,1974-07-22,有
27115,27,大阪府,大阪市,おおさかし,東成区,ひがしなりく,,
27116,27,大阪府,大阪市,おおさかし,生野区,いくのく,,
27117,27,大阪府,大阪市,おおさかし,旭区,あさひく,,
27118,27,大阪府,大阪市,おおさかし,城東区,じょうとうく,1974-07-22,有
27119,27,大阪府,大阪市,おおさかし,阿倍野区,あべのく,,
27120,27,大阪府,大阪市,おおさかし,住吉区,すみよしく,1974-07-22,有
27121,27,大阪府,大阪市,おおさかし,東住吉区,ひがしすみよしく,1974-07-22,有
27122,27,大阪府,大阪市,おおさかし,西成区,にしなりく,,
27123,27,大阪府,大阪市,おおさかし,淀川区,よどがわく,1974-07-22,有
27124,27,大阪府,大阪市,おおさかし,鶴見区,つるみく,1974-07-22,有
27125,27,大阪府,大阪市,おおさかし,住之江区,すみのえく,1974-07-22,有
27126,27,大阪府,大阪市,おおさかし,平野区,ひらのく,1974-07-22,有
27127,27,大阪府,大阪市,おおさかし,北区,きたく,1989-02-13,有
27128,27,大阪府,大阪市,おおさかし,中央区,ちゅうおうく,1989-02-13,有
27140,27,大阪府,堺市,さかいし,堺市,さかいし,2006-04-01,有
27141,27,大阪府,堺市,さかいし,堺区,さかいく,2006-04-01,有
27142,27,大阪府,堺市,さかいし,中区,なかく,2006-04-01,有
27143,27,大阪府,堺市,さかいし,東区,ひがしく,2006-04-01,有
27144,27,大阪府,堺市,さかいし,西区,にしく,2006-04-01,有
27145,27,大阪府,堺市,さかいし,南区,みなみく,2006-04-01,有
27146,27,大阪府,堺市,さかいし,北区,きたく,2006-04-01,有
27147,27,大阪府,堺市,さかいし,美原区,みはらく,2006-04-01,有
27202,27,大阪府,,,岸和田市,きしわだし,2007-08-01,有
27203,27,大阪府,,,豊中市,とよなかし,2012-04-01,有
27204,27,大阪府,,,池田市,いけだし,,
27205,27,大阪府,,,吹田市,すいたし,2020-04-01,有
27206,27,大阪府,,,泉大津市,いずみおおつし,1982-05-01,有
27207,27,大阪府,,,高槻市,たかつきし,2003-04-01,有
27208,27,大阪府,,,貝塚市,かいづかし,2013-07-01,有
27209,27,大阪府,,,守口市,もりぐちし,,
27210,27,大阪府,,,枚方市,ひらかたし,2014-04-01,有
27211,27,大阪府,,,茨木市,いばらきし,2001-04-01,有
27212,27,大阪府,,,八尾市,やおし,2018-04-01,有
27213,27,大阪府,,,泉佐野市,いずみさのし,2002-03-01,有
27214,27,大阪府,,,富田林市,とんだばやしし,2022-12-27,有
27215,27,大阪府,,,寝屋川市,ねやがわし,2019-04-01,有
27216,27,大阪府,,,河内長野市,かわちながのし,,
27217,27,大阪府,,,松原市,まつばらし,1980-02-01,有
27218,27,大阪府,,,大東市,だいとうし,1979-05-01,有
27219,27,大阪府,,,和泉市,いずみし,1989-05-01,有
27220,27,大阪府,,,箕面市,みのおし,1999-02-01,有
27221,27,大阪府,,,柏原市,かしわらし,,
27222,27,大阪府,,,羽曳野市,はびきのし,,
27223,27,大阪府,,,門真市,かどまし,,
27224,27,大阪府,,,摂津市,せっつし,1980-12-01,有
27225,27,大阪府,,,高石市,たかいしし,1983-05-01,有
27226,27,大阪府,,,藤井寺市,ふじいでらし,,
27227,27,大阪府,,,東大阪市,ひがしおおさかし,2005-04-01,有
27228,27,大阪府,,,泉南市,せんなんし,2002-03-01,有
27229,27,大阪府,,,四條畷市,しじょうなわてし,1970-07-01,有
27230,27,大阪府,,,交野市,かたのし,1971-11-03,有
27231,27,大阪府,,,大阪狭山市,おおさかさやまし,2022-12-27,有
27232,27,大阪府,,,阪南市,はんなんし,2002-02-01,有
27301,27,大阪府,三島郡,みしまぐん,島本町,しまもとちょう,1973-04-01,有
27321,27,大阪府,豊能郡,とよのぐん,豊能町,とよのちょう,1977-04-01,有
27322,27,大阪府,豊能郡,とよのぐん,能勢町,のせちょう,,
27341,27,大阪府,泉北郡,せんぼくぐん,忠岡町,ただおかちょう,,
27361,27,大阪府,泉南郡,せんなんぐん,熊取町,くまとりちょう,2013-07-01,有
27362,27,大阪府,泉南郡,せんなんぐん,田尻町,たじりちょう,1987-09-26,有
27366,27,大阪府,泉南郡,せんなんぐん,岬町,みさきちょう,2002-02-01,有
27381,27,大阪府,南河内郡,みなみかわちぐん,太子町,たいしちょう,1998-02-01,有
27382,27,大阪府,南河内郡,みなみかわちぐん,河南町,かなんちょう,1998-02-01,有
27383,27,大阪府,南河内郡,みなみかわちぐん,千早赤阪村,ちはやあかさかむら,,
28100,28,兵庫県,神戸市,こうべし,神戸市,こうべし,1992-06-01,有
28101,28,兵庫県,神戸市,こうべし,東灘区,ひがしなだく,,
28102,28,兵庫県,神戸市,こうべし,灘区,なだく,,
28105,28,兵庫県,神戸市,こうべし,兵庫区,ひょうごく,1973-08-01,有
28106,28,兵庫県,神戸市,こうべし,長田区,ながたく,,
28107,28,兵庫県,神戸市,こうべし,須磨区,すまく,,
28108,28,兵庫県,神戸市,こうべし,垂水区,たるみく,1982-08-01,有
28109,28,兵庫県,神戸市,こうべし,北区,きたく,1973-08-01,有
28110,28,兵庫県,神戸市,こうべし,中央区,ちゅうおうく,1980-12-01,有
28111,28,兵庫県,神戸市,こうべし,西区,にしく,1982-08-01,有
28201,28,兵庫県,,,姫路市,ひめじし,2006-03-27,有
28202,28,兵庫県,,,尼崎市,あまがさきし,2009-04-01,有
28203,28,兵庫県,,,明石市,あかしし,2018-04-01,有
28204,28,兵庫県,,,西宮市,にしのみやし,2008-04-01,有
28205,28,兵庫県,,,洲本市,すもとし,2006-02-11,有
28206,28,兵庫県,,,芦屋市,あしやし,1974-12-01,有
28207,28,兵庫県,,,伊丹市,いたみし,,
28208,28,兵庫県,,,相生市,あいおいし,,
28209,28,兵庫県,,,豊岡市,とよおかし,2005-04-01,有
28210,28,兵庫県,,,加古川市,かこがわし,2002-04-01,有
28212,28,兵庫県,,,赤穂市,あこうし,,
28213,28,兵庫県,,,西脇市,にしわきし,2005-10-01,有
28214,28,兵庫県,,,宝塚市,たからづかし,2003-04-01,有
28215,28,兵庫県,,,三木市,みきし,2005-10-24,有
28216,28,兵庫県,,,高砂市,たかさごし,1981-03-01,有
28217,28,兵庫県,,,川西市,かわにしし,1977-03-01,有
28218,28,兵庫県,,,小野市,おのし,1985-09-01,有
28219,28,兵庫県,,,三田市,さんだし,1981-08-01,有
28220,28,兵庫県,,,加西市,かさいし,1994-12-01,有
28221,28,兵庫県,,,丹波篠山市,たんばささやまし,2019-05-01,有
28222,28,兵庫県,,,養父市,やぶし,2004-04-01,有
28223,28,兵庫県,,,丹波市,たんばし,2004-11-01,有
28224,28,兵庫県,,,南あわじ市,みなみあわじし,2005-01-11,有
28225,28,兵庫県,,,朝来市,あさごし,2005-04-01,有
28226,28,兵庫県,,,淡路市,あわじし,2005-04-01,有
28227,28,兵庫県,,,宍粟市,しそうし,2005-04-01,有
28228,28,兵庫県,,,加東市,かとうし,2006-03-20,有
28229,28,兵庫県,,,たつの市,たつのし,2005-10-01,有
28301,28,兵庫県,川辺郡,かわべぐん,猪名川町,いながわちょう,1977-03-01,有
28365,28,兵庫県,多可郡,たかぐん,多可町,たかちょう,2005-11-01,有
28381,28,兵庫県,加古郡,かこぐん,稲美町,いなみちょう,1998-03-01,有
28382,28,兵庫県,加古郡,かこぐん,播磨町,はりまちょう,1978-08-01,有
28442,28,兵庫県,神崎郡,かんざきぐん,市川町,いちかわちょう,,
28443,28,兵庫県,神崎郡,かんざきぐん,福崎町,ふくさきちょう,1980-08-01,有
28446,28,兵庫県,神崎郡,かんざきぐん,神河町,かみかわちょう,2005-11-07,有
28464,28,兵庫県,揖保郡,いぼぐん,太子町,たいしちょう,,
28481,28,兵庫県,赤穂郡,あこうぐん,上郡町,かみごおりちょう,1997-01-01,有
28501,28,兵庫県,佐用郡,さようぐん,佐用町,さようちょう,2005-10-01,有
28585,28,兵庫県,美方郡,みかたぐん,香美町,かみちょう,2005-04-01,有
28586,28,兵庫県,美方郡,みかたぐん,新温泉町,しんおんせんちょう,2005-10-01,有
29201,29,奈良県,,,奈良市,ならし,2005-04-01,有
29202,29,奈良県,,,大和高田市,やまとたかだし,,
29203,29,奈良県,,,大和郡山市,やまとこおりやまし,,
29204,29,奈良県,,,天理市,てんりし,,
29205,29,奈良県,,,橿原市,かしはらし,,
29206,29,奈良県,,,桜井市,さくらいし,,
29207,29,奈良県,,,五條市,ごじょうし,2005-09-25,有
29208,29,奈良県,,,御所市,ごせし,1977-04-01,有
29209,29,奈良県,,,生駒市,いこまし,1971-11-01,有
29210,29,奈良県,,,香芝市,かしばし,1991-10-01,有
29211,29,奈良県,,,葛城市,かつらぎし,2004-10-01,有
29212,29,奈良県,,,宇陀市,うだし,2006-01-01,有
29322,29,奈良県,山辺郡,やまべぐん,山添村,やまぞえむら,1996-11-13,有
29342,29,奈良県,生駒郡,いこまぐん,平群町,へぐりちょう,1971-02-01,有
29343,29,奈良県,生駒郡,いこまぐん,三郷町,さんごうちょう,,
29344,29,奈良県,生駒郡,いこまぐん,斑鳩町,いかるがちょう,,
29345,29,奈良県,生駒郡,いこまぐん,安堵町,あんどちょう,1986-04-01,有
29361,29,奈良県,磯城郡,しきぐん,川西町,かわにしちょう,1975-04-01,有
29362,29,奈良県,磯城郡,しきぐん,三宅町,みやけちょう,1978-12-01,有
29363,29,奈良県,磯城郡,しきぐん,田原本町,たわらもとちょう,,
29385,29,奈良県,宇陀郡,うだぐん,曽爾村,そにむら,,
29386,29,奈良県,宇陀郡,うだぐん,御杖村,みつえむら,,
29401,29,奈良県,高市郡,たかいちぐん,高取町,たかとりちょう,,
29402,29,奈良県,高市郡,たかいちぐん,明日香村,あすかむら,,
29424,29,奈良県,北葛城郡,きたかつらぎぐん,上牧町,かんまきちょう,1985-09-01,有
29425,29,奈良県,北葛城郡,きたかつらぎぐん,王寺町,おうじちょう,1979-09-01,有
29426,29,奈良県,北葛城郡,きたかつらぎぐん,広陵町,こうりょうちょう,1978-12-01,有
29427,29,奈良県,北葛城郡,きたかつらぎぐん,河合町,かわいちょう,1985-09-01,有
29441,29,奈良県,吉野郡,よしのぐん,吉野町,よしのちょう,1984-09-01,有
29442,29,奈良県,吉野郡,よしのぐん,大淀町,おおよどちょう,1984-09-01,有
29443,29,奈良県,吉野郡,よしのぐん,下市町,しもいちちょう,1982-07-01,有
29444,29,奈良県,吉野郡,よしのぐん,黒滝村,くろたきむら,,
29446,29,奈良県,吉野郡,よしのぐん,天川村,てんかわむら,,
29447,29,奈良県,吉野郡,よしのぐん,野迫川村,のせがわむら,,
29449,29,奈良県,吉野郡,よしのぐん,十津川村,とつかわむら,,
29450,29,奈良県,吉野郡,よしのぐん,下北山村,しもきたやまむら,,
29451,29,奈良県,吉野郡,よしのぐん,上北山村,かみきたやまむら,,
29452,29,奈良県,吉野郡,よしのぐん,川上村,かわかみむら,,
29453,29,奈良県,吉野郡,よしのぐん,東吉野村,ひがしよしのむら,,
30201,30,和歌山県,,,和歌山市,わかやまし,1997-04-01,有
30202,30,和歌山県,,,海南市,かいなんし,2005-04-01,有
30203,30,和歌山県,,,橋本市,はしもとし,2006-03-01,有
30204,30,和歌山県,,,有田市,ありだし,,
30205,30,和歌山県,,,御坊市,ごぼうし,1978-11-01,有
30206,30,和歌山県,,,田辺市,たなべし,2005-05-01,有
30207,30,和歌山県,,,新宮市,しんぐうし,2005-10-01,有
30208,30,和歌山県,,,紀の川市,きのかわし,2005-11-07,有
30209,30,和歌山県,,,岩出市,いわでし,2006-04-01,有
30304,30,和歌山県,海草郡,かいそうぐん,紀美野町,きみのちょう,2006-01-01,有
30341,30,和歌山県,伊都郡,いとぐん,かつらぎ町,かつらぎちょう,2005-10-01,有
30343,30,和歌山県,伊都郡,いとぐん,九度山町,くどやまちょう,,
30344,30,和歌山県,伊都郡,いとぐん,高野町,こうやちょう,,
30361,30,和歌山県,有田郡,ありだぐん,湯浅町,ゆあさちょう,,
30362,30,和歌山県,有田郡,ありだぐん,広川町,ひろがわちょう,1996-04-01,有
30366,30,和歌山県,有田郡,ありだぐん,有田川町,ありだがわちょう,2006-01-01,有
30381,30,和歌山県,日高郡,ひだかぐん,美浜町,みはまちょう,,
30382,30,和歌山県,日高郡,ひだかぐん,日高町,ひだかちょう,1978-11-01,有
30383,30,和歌山県,日高郡,ひだかぐん,由良町,ゆらちょう,,
30390,30,和歌山県,日高郡,ひだかぐん,印南町,いなみちょう,,
30391,30,和歌山県,日高郡,ひだかぐん,みなべ町,みなべちょう,2004-10-01,有
30392,30,和歌山県,日高郡,ひだかぐん,日高川町,ひだかがわちょう,2005-05-01,有
30401,30,和歌山県,西牟婁郡,にしむろぐん,白浜町,しらはまちょう,2006-03-01,有
30404,30,和歌山県,西牟婁郡,にしむろぐん,上富田町,かみとんだちょう,,
30406,30,和歌山県,西牟婁郡,にしむろぐん,すさみ町,すさみちょう,,
30421,30,和歌山県,東牟婁郡,ひがしむろぐん,那智勝浦町,なちかつうらちょう,,
30422,30,和歌山県,東牟婁郡,ひがしむろぐん,太地町,たいじちょう,,
30424,30,和歌山県,東牟婁郡,ひがしむろぐん,古座川町,こざがわちょう,,
30427,30,和歌山県,東牟婁郡,ひがしむろぐん,北山村,きたやまむら,,
30428,30,和歌山県,東牟婁郡,ひがしむろぐん,串本町,くしもとちょう,2005-04-01,有
31201,31,鳥取県,,,鳥取市,とっとりし,2018-04-01,有
31202,31,鳥取県,,,米子市,よなごし,2005-03-31,有
31203,31,鳥取県,,,倉吉市,くらよしし,2005-03-22,有
31204,31,鳥取県,,,境港市,さかいみなとし,1992-05-25,有
31302,31,鳥取県,岩美郡,いわみぐん,岩美町,いわみちょう,,
31325,31,鳥取県,八頭郡,やずぐん,若桜町,わかさちょう,1982-02-01,有
31328,31,鳥取県,八頭郡,やずぐん,智頭町,ちづちょう,,
31329,31,鳥取県,八頭郡,やずぐん,八頭町,やずちょう,2005-03-31,有
31364,31,鳥取県,東伯郡,とうはくぐん,三朝町,みささちょう,,
31370,31,鳥取県,東伯郡,とうはくぐん,湯梨浜町,ゆりはまちょう,2004-10-01,有
31371,31,鳥取県,東伯郡,とうはくぐん,琴浦町,ことうらちょう,2013-03-25,有
31372,31,鳥取県,東伯郡,とうはくぐん,北栄町,ほくえいちょう,2005-10-01,有
31384,31,鳥取県,西伯郡,さいはくぐん,日吉津村,ひえづそん,,
31386,31,鳥取県,西伯郡,さいはくぐん,大山町,だいせんちょう,2013-03-25,有
31389,31,鳥取県,西伯郡,さいはくぐん,南部町,なんぶちょう,2004-10-01,有
31390,31,鳥取県,西伯郡,さいはくぐん,伯耆町,ほうきちょう,2005-01-01,有
31401,31,鳥取県,日野郡,ひのぐん,日南町,にちなんちょう,,
31402,31,鳥取県,日野郡,ひのぐん,日野町,ひのちょう,,
31403,31,鳥取県,日野郡,ひのぐん,江府町,こうふちょう,,
32201,32,島根県,,,松江市,まつえし,2018-04-01,有
32202,32,島根県,,,浜田市,はまだし,2005-10-01,有
32203,32,島根県,,,出雲市,いずもし,2011-10-01,有
32204,32,島根県,,,益田市,ますだし,2004-11-01,有
32205,32,島根県,,,大田市,おおだし,2005-10-01,有
32206,32,島根県,,,安来市,やすぎし,2004-10-01,有
32207,32,島根県,,,江津市,ごうつし,2004-10-01,有
32209,32,島根県,,,雲南市,うんなんし,2004-11-01,有
32343,32,島根県,仁多郡,にたぐん,奥出雲町,おくいずもちょう,2005-03-31,有
32386,32,島根県,飯石郡,いいしぐん,飯南町,いいなんちょう,2005-01-01,有
32441,32,島根県,邑智郡,おおちぐん,川本町,かわもとまち,,
32448,32,島根県,邑智郡,おおちぐん,美郷町,みさとちょう,2004-10-01,有
32449,32,島根県,邑智郡,おおちぐん,邑南町,おおなんちょう,2004-10-01,有
32501,32,島根県,鹿足郡,かのあしぐん,津和野町,つわのちょう,2005-09-25,有
32505,32,島根県,鹿足郡,かのあしぐん,吉賀町,よしかちょう,2005-10-01,有
32525,32,島根県,隠岐郡,おきぐん,海士町,あまちょう,,
32526,32,島根県,隠岐郡,おきぐん,西ノ島町,にしのしまちょう,,
32527,32,島根県,隠岐郡,おきぐん,知夫村,ちぶむら,,
32528,32,島根県,隠岐郡,おきぐん,隠岐の島町,おきのしまちょう,2004-10-01,有
33100,33,岡山県,岡山市,おかやまし,岡山市,おかやまし,2009-04-01,有
33101,33,岡山県,岡山市,おかやまし,北区,きたく,2009-04-01,有
33102,33,岡山県,岡山市,おかやまし,中区,なかく,2009-04-01,有
33103,33,岡山県,岡山市,おかやまし,東区,ひがしく,2009-04-01,有
33104,33,岡山県,岡山市,おかやまし,南区,みなみく,2009-04-01,有
33202,33,岡山県,,,倉敷市,くらしきし,2005-08-01,有
33203,33,岡山県,,,津山市,つやまし,2005-02-28,有
33204,33,岡山県,,,玉野市,たまのし,1974-03-20,有
33205,33,岡山県,,,笠岡市,かさおかし,,
33207,33,岡山県,,,井原市,いばらし,2005-03-01,有
33208,33,岡山県,,,総社市,そうじゃし,2005-03-22,有
33209,33,岡山県,,,高梁市,たかはしし,2004-10-01,有
33210,33,岡山県,,,新見市,にいみし,2005-03-31,有
33211,33,岡山県,,,備前市,びぜんし,2005-03-22,有
33212,33,岡山県,,,瀬戸内市,せとうちし,2004-11-01,有
33213,33,岡山県,,,赤磐市,あかいわし,2005-03-07,有
33214,33,岡山県,,,真庭市,まにわし,2005-03-31,有
33215,33,岡山県,,,美作市,みまさかし,2005-03-31,有
33216,33,岡山県,,,浅口市,あさくちし,2006-03-21,有
33346,33,岡山県,和気郡,わけぐん,和気町,わけちょう,2006-03-01,有
33423,33,岡山県,都窪郡,つくぼぐん,早島町,はやしまちょう,1986-01-01,有
33445,33,岡山県,浅口郡,あさくちぐん,里庄町,さとしょうちょう,,
33461,33,岡山県,小田郡,おだぐん,矢掛町,やかげちょう,,
33586,33,岡山県,真庭郡,まにわぐん,新庄村,しんじょうそん,,
33606,33,岡山県,苫田郡,とまたぐん,鏡野町,かがみのちょう,2005-03-01,有
33622,33,岡山県,勝田郡,かつたぐん,勝央町,しょうおうちょう,1987-10-01,有
33623,33,岡山県,勝田郡,かつたぐん,奈義町,なぎちょう,1988-12-01,有
33643,33,岡山県,英田郡,あいだぐん,西粟倉村,にしあわくらそん,,
33663,33,岡山県,久米郡,くめぐん,久米南町,くめなんちょう,,
33666,33,岡山県,久米郡,くめぐん,美咲町,みさきちょう,2005-03-22,有
33681,33,岡山県,加賀郡,かがぐん,吉備中央町,きびちゅうおうちょう,2004-10-01,有
34100,34,広島県,広島市,ひろしまし,広島市,ひろしまし,1994-10-24,有
34101,34,広島県,広島市,ひろしまし,中区,なかく,1980-04-01,有
34102,34,広島県,広島市,ひろしまし,東区,ひがしく,1980-04-01,有
34103,34,広島県,広島市,ひろしまし,南区,みなみく,1980-04-01,有
34104,34,広島県,広島市,ひろしまし,西区,にしく,1980-04-01,有
34105,34,広島県,広島市,ひろしまし,安佐南区,あさみなみく,1980-04-01,有
34106,34,広島県,広島市,ひろしまし,安佐北区,あさきたく,1980-04-01,有
34107,34,広島県,広島市,ひろしまし,安芸区,あきく,1980-04-01,有
34108,34,広島県,広島市,ひろしまし,佐伯区,さえきく,2005-04-25,有
34202,34,広島県,,,呉市,くれし,2016-04-01,有
34203,34,広島県,,,竹原市,たけはらし,,
34204,34,広島県,,,三原市,みはらし,2005-03-22,有
34205,34,広島県,,,尾道市,おのみちし,2006-01-10,有
34207,34,広島県,,,福山市,ふくやまし,2006-03-01,有
34208,34,広島県,,,府中市,ふちゅうし,2004-04-01,有
34209,34,広島県,,,三次市,みよしし,2004-04-01,有
34210,34,広島県,,,庄原市,しょうばらし,2005-03-31,有
34211,34,広島県,,,大竹市,おおたけし,1983-06-01,有
34212,34,広島県,,,東広島市,ひがしひろしまし,2005-02-07,有
34213,34,広島県,,,廿日市市,はつかいちし,2005-11-03,有
34214,34,広島県,,,安芸高田市,あきたかたし,2004-03-01,有
34215,34,広島県,,,江田島市,えたじまし,2004-11-01,有
34302,34,広島県,安芸郡,あきぐん,府中町,ふちゅうちょう,,
34304,34,広島県,安芸郡,あきぐん,海田町,かいたちょう,,
34307,34,広島県,安芸郡,あきぐん,熊野町,くまのちょう,,
34309,34,広島県,安芸郡,あきぐん,坂町,さかちょう,1984-01-01,有
34368,34,広島県,山県郡,やまがたぐん,安芸太田町,あきおおたちょう,2004-10-01,有
34369,34,広島県,山県郡,やまがたぐん,北広島町,きたひろしまちょう,2005-02-01,有
34431,34,広島県,豊田郡,とよたぐん,大崎上島町,おおさきかみじまちょう,2003-04-01,有
34462,34,広島県,世羅郡,せらぐん,世羅町,せらちょう,2004-10-01,有
34545,34,広島県,神石郡,じんせきぐん,神石高原町,じんせきこうげんちょう,2004-11-05,有
35201,35,山口県,,,下関市,しものせきし,2005-10-01,有
35202,35,山口県,,,宇部市,うべし,2004-11-01,有
35203,35,山口県,,,山口市,やまぐちし,2010-01-16,有
35204,35,山口県,,,萩市,はぎし,2005-03-06,有
35206,35,山口県,,,防府市,ほうふし,,
35207,35,山口県,,,下松市,くだまつし,,
35208,35,山口県,,,岩国市,いわくにし,2006-03-20,有
35210,35,山口県,,,光市,ひかりし,2004-10-04,有
35211,35,山口県,,,長門市,ながとし,2005-03-22,有
35212,35,山口県,,,柳井市,やないし,2005-02-21,有
35213,35,山口県,,,美祢市,みねし,2008-03-21,有
35215,35,山口県,,,周南市,しゅうなんし,2003-04-21,有
35216,35,山口県,,,山陽小野田市,さんようおのだし,2005-03-22,有
35305,35,山口県,大島郡,おおしまぐん,周防大島町,すおうおおしまちょう,2004-10-01,有
35321,35,山口県,玖珂郡,くがぐん,和木町,わきちょう,1973-04-01,有
35341,35,山口県,熊毛郡,くまげぐん,上関町,かみのせきちょう,,
35343,35,山口県,熊毛郡,くまげぐん,田布施町,たぶせちょう,2003-09-10,有
35344,35,山口県,熊毛郡,くまげぐん,平生町,ひらおちょう,,
35502,35,山口県,阿武郡,あぶぐん,阿武町,あぶちょう,,
36201,36,徳島県,,,徳島市,とくしまし,1983-02-28,有
36202,36,徳島県,,,鳴門市,なるとし,,
36203,36,徳島県,,,小松島市,こまつしまし,1996-11-26,有
36204,36,徳島県,,,阿南市,あなんし,2006-03-20,有
36205,36,徳島県,,,吉野川市,よしのがわし,2004-10-01,有
36206,36,徳島県,,,阿波市,あわし,2005-04-01,有
36207,36,徳島県,,,美馬市,みまし,2005-03-01,有
36208,36,徳島県,,,三好市,みよしし,2006-03-01,有
36301,36,徳島県,勝浦郡,かつうらぐん,勝浦町,かつうらちょう,,
36302,36,徳島県,勝浦郡,かつうらぐん,上勝町,かみかつちょう,,
36321,36,徳島県,名東郡,みょうどうぐん,佐那河内村,さなごうちそん,,
36341,36,徳島県,名西郡,みょうざいぐん,石井町,いしいちょう,1983-02-28,有
36342,36,徳島県,名西郡,みょうざいぐん,神山町,かみやまちょう,,
36368,36,徳島県,那賀郡,なかぐん,那賀町,なかちょう,2005-03-01,有
36383,36,徳島県,海部郡,かいふぐん,牟岐町,むぎちょう,,
36387,36,徳島県,海部郡,かいふぐん,美波町,みなみちょう,2006-03-31,有
36388,36,徳島県,海部郡,かいふぐん,海陽町,かいようちょう,2006-03-31,有
36401,36,徳島県,板野郡,いたのぐん,松茂町,まつしげちょう,1973-04-01,有
36402,36,徳島県,板野郡,いたのぐん,北島町,きたじまちょう,1973-04-01,有
36403,36,徳島県,板野郡,いたのぐん,藍住町,あいずみちょう,,
36404,36,徳島県,板野郡,いたのぐん,板野町,いたのちょう,,
36405,36,徳島県,板野郡,いたのぐん,上板町,かみいたちょう,1992-02-01,有
36468,36,徳島県,美馬郡,みまぐん,つるぎ町,つるぎちょう,2005-03-01,有
36489,36,徳島県,三好郡,みよしぐん,東みよし町,ひがしみよしちょう,2006-03-01,有
37201,37,香川県,,,高松市,たかまつし,2006-01-10,有
37202,37,香川県,,,丸亀市,まるがめし,2005-03-22,有
37203,37,香川県,,,坂出市,さかいでし,,
37204,37,香川県,,,善通寺市,ぜんつうじし,,
37205,37,香川県,,,観音寺市,かんおんじし,2005-10-11,有
37206,37,香川県,,,さぬき市,さぬきし,2002-04-01,有
37207,37,香川県,,,東かがわ市,ひがしかがわし,2003-04-01,有
37208,37,香川県,,,三豊市,みとよし,2006-01-01,有
37322,37,香川県,小豆郡,しょうずぐん,土庄町,とのしょうちょう,,
37324,37,香川県,小豆郡,しょうずぐん,小豆島町,しょうどしまちょう,2006-03-21,有
37341,37,香川県,木田郡,きたぐん,三木町,みきちょう,2002-12-04,有
37364,37,香川県,香川郡,かがわぐん,直島町,なおしまちょう,,
37386,37,香川県,綾歌郡,あやうたぐん,宇多津町,うたづちょう,,
37387,37,香川県,綾歌郡,あやうたぐん,綾川町,あやがわちょう,2006-03-21,有
37403,37,香川県,仲多度郡,なかたどぐん,琴平町,ことひらちょう,,
37404,37,香川県,仲多度郡,なかたどぐん,多度津町,たどつちょう,1972-04-20,有
37406,37,香川県,仲多度郡,なかたどぐん,まんのう町,まんのうちょう,2006-03-20,有
38201,38,愛媛県,,,松山市,まつやまし,2005-01-01,有
38202,38,愛媛県,,,今治市,いまばりし,2005-01-16,有
38203,38,愛媛県,,,宇和島市,うわじまし,2005-08-01,有
38204,38,愛媛県,,,八幡浜市,やわたはまし,2005-03-28,有
38205,38,愛媛県,,,新居浜市,にいはまし,2003-04-01,有
38206,38,愛媛県,,,西条市,さいじょうし,2004-11-01,有
38207,38,愛媛県,,,大洲市,おおずし,2005-01-11,有
38210,38,愛媛県,,,伊予市,いよし,2005-04-01,有
38213,38,愛媛県,,,四国中央市,しこくちゅうおうし,2004-04-01,有
38214,38,愛媛県,,,西予市,せいよし,2004-04-01,有
38215,38,愛媛県,,,東温市,とうおんし,2004-09-21,有
38356,38,愛媛県,越智郡,おちぐん,上島町,かみじまちょう,2004-10-01,有
38386,38,愛媛県,上浮穴郡,かみうけなぐん,久万高原町,くまこうげんちょう,2004-08-01,有
38401,38,愛媛県,伊予郡,いよぐん,松前町,まさきちょう,,
38402,38,愛媛県,伊予郡,いよぐん,砥部町,とべちょう,2005-01-01,有
38422,38,愛媛県,喜多郡,きたぐん,内子町,うちこちょう,2005-01-01,有
38442,38,愛媛県,西宇和郡,にしうわぐん,伊方町,いかたちょう,2005-04-01,有
38484,38,愛媛県,北宇和郡,きたうわぐん,松野町,まつのちょう,,
38488,38,愛媛県,北宇和郡,きたうわぐん,鬼北町,きほくちょう,2005-01-01,有
38506,38,愛媛県,南宇和郡,みなみうわぐん,愛南町,あいなんちょう,2004-10-01,有
39201,39,高知県,,,高知市,こうちし,2008-01-01,有
39202,39,高知県,,,室戸市,むろとし,1988-09-24,有
39203,39,高知県,,,安芸市,あきし,2002-05-21,有
39204,39,高知県,,,南国市,なんこくし,2010-04-01,有
39205,39,高知県,,,土佐市,とさし,,
39206,39,高知県,,,須崎市,すさきし,,
39208,39,高知県,,,宿毛市,すくもし,1976-01-01,有
39209,39,高知県,,,土佐清水市,とさしみずし,,
39210,39,高知県,,,四万十市,しまんとし,2005-04-10,有
39211,39,高知県,,,香南市,こうなんし,2006-03-01,有
39212,39,高知県,,,香美市,かみし,2010-04-01,有
39301,39,高知県,安芸郡,あきぐん,東洋町,とうようちょう,,
39302,39,高知県,安芸郡,あきぐん,奈半利町,なはりちょう,1988-09-24,有
39303,39,高知県,安芸郡,あきぐん,田野町,たのちょう,1973-05-01,有
39304,39,高知県,安芸郡,あきぐん,安田町,やすだちょう,1973-05-01,有
39305,39,高知県,安芸郡,あきぐん,北川村,きたがわむら,,
39306,39,高知県,安芸郡,あきぐん,馬路村,うまじむら,,
39307,39,高知県,安芸郡,あきぐん,芸西村,げいせいむら,2002-05-21,有
39341,39,高知県,長岡郡,ながおかぐん,本山町,もとやまちょう,,
39344,39,高知県,長岡郡,ながおかぐん,大豊町,おおとよちょう,1972-04-01,有
39363,39,高知県,土佐郡,とさぐん,土佐町,とさちょう,,
39364,39,高知県,土佐郡,とさぐん,大川村,おおかわむら,,
39386,39,高知県,吾川郡,あがわぐん,いの町,いのちょう,2004-10-01,有
39387,39,高知県,吾川郡,あがわぐん,仁淀川町,によどがわちょう,2005-08-01,有
39401,39,高知県,高岡郡,たかおかぐん,中土佐町,なかとさちょう,2011-05-18,有
39402,39,高知県,高岡郡,たかおかぐん,佐川町,さかわちょう,1992-05-19,有
39403,39,高知県,高岡郡,たかおかぐん,越知町,おちちょう,,
39405,39,高知県,高岡郡,たかおかぐん,檮原町,ゆすはらちょう,,
39410,39,高知県,高岡郡,たかおかぐん,日高村,ひだかむら,1992-05-19,有
39411,39,高知県,高岡郡,たかおかぐん,津野町,つのちょう,2005-02-01,有
39412,39,高知県,高岡郡,たかおかぐん,四万十町,しまんとちょう,2011-05-18,有
39424,39,高知県,幡多郡,はたぐん,大月町,おおつきちょう,,
39427,39,高知県,幡多郡,はたぐん,三原村,みはらむら,,
39428,39,高知県,幡多郡,はたぐん,黒潮町,くろしおちょう,2006-03-20,有
40100,40,福岡県,北九州市,きたきゅうしゅうし,北九州市,きたきゅうしゅうし,2008-10-01,有
40101,40,福岡県,北九州市,きたきゅうしゅうし,門司区,もじく,,
40103,40,福岡県,北九州市,きたきゅうしゅうし,若松区,わかまつく,,
40105,40,福岡県,北九州市,きたきゅうしゅうし,戸畑区,とばたく,,
40106,40,福岡県,北九州市,きたきゅうしゅうし,小倉北区,こくらきたく,1974-04-01,有
40107,40,福岡県,北九州市,きたきゅうしゅうし,小倉南区,こくらみなみく,1974-04-01,有
40108,40,福岡県,北九州市,きたきゅうしゅうし,八幡東区,やはたひがしく,1974-04-01,有
40109,40,福岡県,北九州市,きたきゅうしゅうし,八幡西区,やはたにしく,1974-04-01,有
40130,40,福岡県,福岡市,ふくおかし,福岡市,ふくおかし,1998-01-01,有
40131,40,福岡県,福岡市,ふくおかし,東区,ひがしく,1972-04-01,有
40132,40,福岡県,福岡市,ふくおかし,博多区,はかたく,1972-04-01,有
40133,40,福岡県,福岡市,ふくおかし,中央区,ちゅうおうく,1972-04-01,有
40134,40,福岡県,福岡市,ふくおかし,南区,みなみく,1972-04-01,有
40135,40,福岡県,福岡市,ふくおかし,西区,にしく,1982-05-10,有
40136,40,福岡県,福岡市,ふくおかし,城南区,じょうなんく,1982-05-10,有
40137,40,福岡県,福岡市,ふくおかし,早良区,さわらく,1982-05-10,有
40202,40,福岡県,,,大牟田市,おおむたし,1999-07-16,有
40203,40,福岡県,,,久留米市,くるめし,2008-04-01,有
40204,40,福岡県,,,直方市,のおがたし,2013-10-01,有
40205,40,福岡県,,,飯塚市,いいづかし,2009-12-16,有
40206,40,福岡県,,,田川市,たがわし,1992-09-04,有
40207,40,福岡県,,,柳川市,やながわし,2005-03-21,有
40210,40,福岡県,,,八女市,やめし,2010-02-01,有
40211,40,福岡県,,,筑後市,ちくごし,2003-02-14,有
40212,40,福岡県,,,大川市,おおかわし,2000-03-10,有
40213,40,福岡県,,,行橋市,ゆくはしし,1997-06-24,有
40214,40,福岡県,,,豊前市,ぶぜんし,2014-02-12,有
40215,40,福岡県,,,中間市,なかまし,2004-08-23,有
40216,40,福岡県,,,小郡市,おごおりし,2003-02-14,有
40217,40,福岡県,,,筑紫野市,ちくしのし,1998-09-24,有
40218,40,福岡県,,,春日市,かすがし,2011-03-01,有
40219,40,福岡県,,,大野城市,おおのじょうし,2011-03-01,有
40220,40,福岡県,,,宗像市,むなかたし,2005-03-28,有
40221,40,福岡県,,,太宰府市,だざいふし,1982-04-01,有
40223,40,福岡県,,,古賀市,こがし,1997-10-01,有
40224,40,福岡県,,,福津市,ふくつし,2005-01-24,有
40225,40,福岡県,,,うきは市,うきはし,2005-03-20,有
40226,40,福岡県,,,宮若市,みやわかし,2013-10-01,有
40227,40,福岡県,,,嘉麻市,かまし,2006-03-27,有
40228,40,福岡県,,,朝倉市,あさくらし,2006-03-20,有
40229,40,福岡県,,,みやま市,みやまし,2007-01-29,有
40230,40,福岡県,,,糸島市,いとしまし,2010-01-01,有
40231,40,福岡県,,,那珂川市,なかがわし,2018-10-01,有
40341,40,福岡県,糟屋郡,かすやぐん,宇美町,うみまち,1989-09-30,有
40342,40,福岡県,糟屋郡,かすやぐん,篠栗町,ささぐりまち,1984-01-01,有
40343,40,福岡県,糟屋郡,かすやぐん,志免町,しめまち,1989-09-30,有
40344,40,福岡県,糟屋郡,かすやぐん,須恵町,すえまち,1982-04-01,有
40345,40,福岡県,糟屋郡,かすやぐん,新宮町,しんぐうまち,1997-12-26,有
40348,40,福岡県,糟屋郡,かすやぐん,久山町,ひさやままち,,
40349,40,福岡県,糟屋郡,かすやぐん,粕屋町,かすやまち,1984-01-01,有
40381,40,福岡県,遠賀郡,おんがぐん,芦屋町,あしやまち,1986-01-01,有
40382,40,福岡県,遠賀郡,おんがぐん,水巻町,みずまきまち,2004-08-23,有
40383,40,福岡県,遠賀郡,おんがぐん,岡垣町,おかがきまち,1990-06-20,有
40384,40,福岡県,遠賀郡,おんがぐん,遠賀町,おんがちょう,1990-06-20,有
40401,40,福岡県,鞍手郡,くらてぐん,小竹町,こたけまち,2009-12-16,有
40402,40,福岡県,鞍手郡,くらてぐん,鞍手町,くらてまち,1978-12-01,有
40421,40,福岡県,嘉穂郡,かほぐん,桂川町,けいせんまち,,
40447,40,福岡県,朝倉郡,あさくらぐん,筑前町,ちくぜんまち,2005-03-22,有
40448,40,福岡県,朝倉郡,あさくらぐん,東峰村,とうほうむら,2005-03-28,有
40503,40,福岡県,三井郡,みいぐん,大刀洗町,たちあらいまち,2003-02-14,有
40522,40,福岡県,三潴郡,みづまぐん,大木町,おおきまち,2003-02-14,有
40544,40,福岡県,八女郡,やめぐん,広川町,ひろかわまち,2003-04-08,有
40601,40,福岡県,田川郡,たがわぐん,香春町,かわらまち,1970-06-01,有
40602,40,福岡県,田川郡,たがわぐん,添田町,そえだまち,1990-06-20,有
40604,40,福岡県,田川郡,たがわぐん,糸田町,いとだまち,1983-06-01,有
40605,40,福岡県,田川郡,たがわぐん,川崎町,かわさきまち,1986-10-01,有
40608,40,福岡県,田川郡,たがわぐん,大任町,おおとうまち,1992-09-04,有
40609,40,福岡県,田川郡,たがわぐん,赤村,あかむら,,
40610,40,福岡県,田川郡,たがわぐん,福智町,ふくちまち,2006-03-06,有
40621,40,福岡県,京都郡,みやこぐん,苅田町,かんだまち,,
40625,40,福岡県,京都郡,みやこぐん,みやこ町,みやこまち,2006-03-20,有
40642,40,福岡県,築上郡,ちくじょうぐん,吉富町,よしとみまち,2002-12-16,有
40646,40,福岡県,築上郡,ちくじょうぐん,上毛町,こうげまち,2005-10-11,有
40647,40,福岡県,築上郡,ちくじょうぐん,築上町,ちくじょうまち,2014-02-12,有
41201,41,佐賀県,,,佐賀市,さがし,2014-04-01,有
41202,41,佐賀県,,,唐津市,からつし,2006-01-01,有
41203,41,佐賀県,,,鳥栖市,とすし,2002-05-17,有
41204,41,佐賀県,,,多久市,たくし,2020-11-06,有
41205,41,佐賀県,,,伊万里市,いまりし,,
41206,41,佐賀県,,,武雄市,たけおし,2006-03-01,有
41207,41,佐賀県,,,鹿島市,かしまし,1988-06-01,有
41208,41,佐賀県,,,小城市,おぎし,2005-03-01,有
41209,41,佐賀県,,,嬉野市,うれしのし,2006-01-01,有
41210,41,佐賀県,,,神埼市,かんざきし,2006-03-20,有
41327,41,佐賀県,神埼郡,かんざきぐん,吉野ヶ里町,よしのがりちょう,2006-03-01,有
41341,41,佐賀県,三養基郡,みやきぐん,基山町,きやまちょう,2002-05-17,有
41345,41,佐賀県,三養基郡,みやきぐん,上峰町,かみみねちょう,1995-03-24,有
41346,41,佐賀県,三養基郡,みやきぐん,みやき町,みやきちょう,2005-03-01,有
41387,41,佐賀県,東松浦郡,ひがしまつうらぐん,玄海町,げんかいちょう,,
41401,41,佐賀県,西松浦郡,にしまつうらぐん,有田町,ありたちょう,2006-03-01,有
41423,41,佐賀県,杵島郡,きしまぐん,大町町,おおまちちょう,1987-09-01,有
41424,41,佐賀県,杵島郡,きしまぐん,江北町,こうほくまち,2020-11-06,有
41425,41,佐賀県,杵島郡,きしまぐん,白石町,しろいしちょう,2005-01-01,有
41441,41,佐賀県,藤津郡,ふじつぐん,太良町,たらちょう,,
42201,42,長崎県,,,長崎市,ながさきし,2006-01-04,有
42202,42,長崎県,,,佐世保市,させぼし,2016-04-01,有
42203,42,長崎県,,,島原市,しまばらし,2006-01-01,有
42204,42,長崎県,,,諫早市,いさはやし,2012-06-08,有
42205,42,長崎県,,,大村市,おおむらし,,
42207,42,長崎県,,,平戸市,ひらどし,2005-10-01,有
42208,42,長崎県,,,松浦市,まつうらし,2006-01-01,有
42209,42,長崎県,,,対馬市,つしまし,2004-03-01,有
42210,42,長崎県,,,壱岐市,いきし,2004-03-01,有
42211,42,長崎県,,,五島市,ごとうし,2004-08-01,有
42212,42,長崎県,,,西海市,さいかいし,2005-04-01,有
42213,42,長崎県,,,雲仙市,うんぜんし,2023-12-27,有
42214,42,長崎県,,,南島原市,みなみしまばらし,2023-12-27,有
42307,42,長崎県,西彼杵郡,にしそのぎぐん,長与町,ながよちょう,,
42308,42,長崎県,西彼杵郡,にしそのぎぐん,時津町,とぎつちょう,1973-04-01,有
42321,42,長崎県,東彼杵郡,ひがしそのぎぐん,東彼杵町,ひがしそのぎちょう,,
42322,42,長崎県,東彼杵郡,ひがしそのぎぐん,川棚町,かわたなちょう,1977-09-01,有
42323,42,長崎県,東彼杵郡,ひがしそのぎぐん,波佐見町,はさみちょう,1977-09-01,有
42383,42,長崎県,北松浦郡,きたまつうらぐん,小値賀町,おぢかちょう,,
42391,42,長崎県,北松浦郡,きたまつうらぐん,佐々町,さざちょう,,
42411,42,長崎県,南松浦郡,みなみまつうらぐん,新上五島町,しんかみごとうちょう,2004-08-01,有
43100,43,熊本県,熊本市,くまもとし,熊本市,くまもとし,2014-09-01,有
43101,43,熊本県,熊本市,くまもとし,中央区,ちゅうおうく,2012-04-01,有
43102,43,熊本県,熊本市,くまもとし,東区,ひがしく,2012-04-01,有
43103,43,熊本県,熊本市,くまもとし,西区,にしく,2012-04-01,有
43104,43,熊本県,熊本市,くまもとし,南区,みなみく,2012-04-01,有
43105,43,熊本県,熊本市,くまもとし,北区,きたく,2012-04-01,有
43202,43,熊本県,,,八代市,やつしろし,2005-08-01,有
43203,43,熊本県,,,人吉市,ひとよしし,2005-03-01,有
43204,43,熊本県,,,荒尾市,あらおし,2000-09-01,有
43205,43,熊本県,,,水俣市,みなまたし,,
43206,43,熊本県,,,玉名市,たまなし,2005-10-03,有
43208,43,熊本県,,,山鹿市,やまがし,2005-01-15,有
43210,43,熊本県,,,菊池市,きくちし,2014-09-01,有
43211,43,熊本県,,,宇土市,うとし,1975-08-01,有
43212,43,熊本県,,,上天草市,かみあまくさし,2004-03-31,有
43213,43,熊本県,,,宇城市,うきし,2005-01-15,有
43214,43,熊本県,,,阿蘇市,あそし,2005-02-11,有
43215,43,熊本県,,,天草市,あまくさし,2006-03-27,有
43216,43,熊本県,,,合志市,こうしし,2006-02-27,有
43348,43,熊本県,下益城郡,しもましきぐん,美里町,みさとまち,2004-11-01,有
43364,43,熊本県,玉名郡,たまなぐん,玉東町,ぎょくとうまち,1995-12-01,有
43367,43,熊本県,玉名郡,たまなぐん,南関町,なんかんまち,1987-12-01,有
43368,43,熊本県,玉名郡,たまなぐん,長洲町,ながすまち,2000-09-01,有
43369,43,熊本県,玉名郡,たまなぐん,和水町,なごみまち,2006-03-01,有
43403,43,熊本県,菊池郡,きくちぐん,大津町,おおづまち,2006-01-01,有
43404,43,熊本県,菊池郡,きくちぐん,菊陽町,きくようまち,1991-06-01,有
43423,43,熊本県,阿蘇郡,あそぐん,南小国町,みなみおぐにまち,2007-12-17,有
43424,43,熊本県,阿蘇郡,あそぐん,小国町,おぐにまち,2007-12-17,有
43425,43,熊本県,阿蘇郡,あそぐん,産山村,うぶやまむら,,
43428,43,熊本県,阿蘇郡,あそぐん,高森町,たかもりまち,,
43432,43,熊本県,阿蘇郡,あそぐん,西原村,にしはらむら,1995-11-22,有
43433,43,熊本県,阿蘇郡,あそぐん,南阿蘇村,みなみあそむら,2005-02-13,有
43441,43,熊本県,上益城郡,かみましきぐん,御船町,みふねまち,1981-12-01,有
43442,43,熊本県,上益城郡,かみましきぐん,嘉島町,かしままち,2010-06-01,有
43443,43,熊本県,上益城郡,かみましきぐん,益城町,ましきまち,1993-06-01,有
43444,43,熊本県,上益城郡,かみましきぐん,甲佐町,こうさまち,1994-04-01,有
43447,43,熊本県,上益城郡,かみましきぐん,山都町,やまとちょう,2005-02-11,有
43468,43,熊本県,八代郡,やつしろぐん,氷川町,ひかわちょう,2005-10-01,有
43482,43,熊本県,葦北郡,あしきたぐん,芦北町,あしきたまち,2005-01-01,有
43484,43,熊本県,葦北郡,あしきたぐん,津奈木町,つなぎまち,,
43501,43,熊本県,球磨郡,くまぐん,錦町,にしきまち,2005-03-01,有
43505,43,熊本県,球磨郡,くまぐん,多良木町,たらぎまち,1986-09-01,有
43506,43,熊本県,球磨郡,くまぐん,湯前町,ゆのまえまち,1986-09-01,有
43507,43,熊本県,球磨郡,くまぐん,水上村,みずかみむら,2010-09-30,有
43510,43,熊本県,球磨郡,くまぐん,相良村,さがらむら,,
43511,43,熊本県,球磨郡,くまぐん,五木村,いつきむら,,
43512,43,熊本県,球磨郡,くまぐん,山江村,やまえむら,,
43513,43,熊本県,球磨郡,くまぐん,球磨村,くまむら,1989-09-01,有
43514,43,熊本県,球磨郡,くまぐん,あさぎり町,あさぎりちょう,2003-04-01,有
43531,43,熊本県,天草郡,あまくさぐん,苓北町,れいほくまち,,
44201,44,大分県,,,大分市,おおいたし,2005-01-01,有
44202,44,大分県,,,別府市,べっぷし,,
44203,44,大分県,,,中津市,なかつし,2012-01-25,有
44204,44,大分県,,,日田市,ひたし,2005-03-22,有
44205,44,大分県,,,佐伯市,さいきし,2005-03-03,有
44206,44,大分県,,,臼杵市,うすきし,2005-01-01,有
44207,44,大分県,,,津久見市,つくみし,,
44208,44,大分県,,,竹田市,たけたし,2020-03-18,有
44209,44,大分県,,,豊後高田市,ぶんごたかだし,2005-03-31,有
44210,44,大分県,,,杵築市,きつきし,2010-10-06,有
44211,44,大分県,,,宇佐市,うさし,2006-05-20,有
44212,44,大分県,,,豊後大野市,ぶんごおおのし,2020-03-18,有
44213,44,大分県,,,由布市,ゆふし,2005-10-01,有
44214,44,大分県,,,国東市,くにさきし,2006-03-31,有
44322,44,大分県,東国東郡,ひがしくにさきぐん,姫島村,ひめしまむら,,
44341,44,大分県,速見郡,はやみぐん,日出町,ひじまち,2010-10-06,有
44461,44,大分県,玖珠郡,くすぐん,九重町,ここのえまち,1981-01-01,有
44462,44,大分県,玖珠郡,くすぐん,玖珠町,くすまち,2012-01-25,有
45201,45,宮崎県,,,宮崎市,みやざきし,2010-03-23,有
45202,45,宮崎県,,,都城市,みやこのじょうし,2007-03-26,有
45203,45,宮崎県,,,延岡市,のべおかし,2007-03-31,有
45204,45,宮崎県,,,日南市,にちなんし,2009-03-30,有
45205,45,宮崎県,,,小林市,こばやしし,2011-01-07,有
45206,45,宮崎県,,,日向市,ひゅうがし,2006-02-25,有
45207,45,宮崎県,,,串間市,くしまし,,
45208,45,宮崎県,,,西都市,さいとし,2005-08-19,有
45209,45,宮崎県,,,えびの市,えびのし,2000-05-15,有
45341,45,宮崎県,北諸県郡,きたもろかたぐん,三股町,みまたちょう,1985-03-27,有
45361,45,宮崎県,西諸県郡,にしもろかたぐん,高原町,たかはるちょう,2011-01-07,有
45382,45,宮崎県,東諸県郡,ひがしもろかたぐん,国富町,くにとみちょう,1979-11-01,有
45383,45,宮崎県,東諸県郡,ひがしもろかたぐん,綾町,あやちょう,1979-11-01,有
45401,45,宮崎県,児湯郡,こゆぐん,高鍋町,たかなべちょう,1994-12-19,有
45402,45,宮崎県,児湯郡,こゆぐん,新富町,しんとみちょう,2005-08-19,有
45403,45,宮崎県,児湯郡,こゆぐん,西米良村,にしめらそん,,
45404,45,宮崎県,児湯郡,こゆぐん,木城町,きじょうちょう,1983-08-27,有
45405,45,宮崎県,児湯郡,こゆぐん,川南町,かわみなみちょう,1987-05-07,有
45406,45,宮崎県,児湯郡,こゆぐん,都農町,つのちょう,1989-02-28,有
45421,45,宮崎県,東臼杵郡,ひがしうすきぐん,門川町,かどがわちょう,,
45429,45,宮崎県,東臼杵郡,ひがしうすきぐん,諸塚村,もろつかそん,,
45430,45,宮崎県,東臼杵郡,ひがしうすきぐん,椎葉村,しいばそん,2010-09-30,有
45431,45,宮崎県,東臼杵郡,ひがしうすきぐん,美郷町,みさとちょう,2006-01-01,有
45441,45,宮崎県,西臼杵郡,にしうすきぐん,高千穂町,たかちほちょう,,
45442,45,宮崎県,西臼杵郡,にしうすきぐん,日之影町,ひのかげちょう,,
45443,45,宮崎県,西臼杵郡,にしうすきぐん,五ヶ瀬町,ごかせちょう,,
46201,46,鹿児島県,,,鹿児島市,かごしまし,2004-11-01,有
46203,46,鹿児島県,,,鹿屋市,かのやし,2008-12-20,有
46204,46,鹿児島県,,,枕崎市,まくらざきし,1991-11-19,有
46206,46,鹿児島県,,,阿久根市,あくねし,1980-09-01,有
46208,46,鹿児島県,,,出水市,いずみし,2006-03-13,有
46210,46,鹿児島県,,,指宿市,いぶすきし,2006-01-01,有
46213,46,鹿児島県,,,西之表市,にしのおもてし,1988-02-25,有
46214,46,鹿児島県,,,垂水市,たるみずし,,
46215,46,鹿児島県,,,薩摩川内市,さつませんだいし,2004-10-12,有
46216,46,鹿児島県,,,日置市,ひおきし,2005-05-01,有
46217,46,鹿児島県,,,曽於市,そおし,2018-10-05,有
46218,46,鹿児島県,,,霧島市,きりしまし,2018-10-05,有
46219,46,鹿児島県,,,いちき串木野市,いちきくしきのし,2005-10-11,有
46220,46,鹿児島県,,,南さつま市,みなみさつまし,2005-11-07,有
46221,46,鹿児島県,,,志布志市,しぶしし,2012-02-21,有
46222,46,鹿児島県,,,奄美市,あまみし,2009-10-19,有
46223,46,鹿児島県,,,南九州市,みなみきゅうしゅうし,2007-12-01,有
46224,46,鹿児島県,,,伊佐市,いさし,2008-11-01,有
46225,46,鹿児島県,,,姶良市,あいらし,2010-03-23,有
46303,46,鹿児島県,鹿児島郡,かごしまぐん,三島村,みしまむら,1973-04-01,有
46304,46,鹿児島県,鹿児島郡,かごしまぐん,十島村,としまむら,1973-04-01,有
46392,46,鹿児島県,薩摩郡,さつまぐん,さつま町,さつまちょう,2005-03-22,有
46404,46,鹿児島県,出水郡,いずみぐん,長島町,ながしまちょう,2006-03-20,有
46452,46,鹿児島県,姶良郡,あいらぐん,湧水町,ゆうすいちょう,2005-03-22,有
46468,46,鹿児島県,曽於郡,そおぐん,大崎町,おおさきちょう,2012-02-21,有
46482,46,鹿児島県,肝属郡,きもつきぐん,東串良町,ひがしくしらちょう,2008-12-20,有
46490,46,鹿児島県,肝属郡,きもつきぐん,錦江町,きんこうちょう,2005-03-22,有
46491,46,鹿児島県,肝属郡,きもつきぐん,南大隅町,みなみおおすみちょう,2005-03-31,有
46492,46,鹿児島県,肝属郡,きもつきぐん,肝付町,きもつきちょう,2005-07-01,有
46501,46,鹿児島県,熊毛郡,くまげぐん,中種子町,なかたねちょう,1988-02-25,有
46502,46,鹿児島県,熊毛郡,くまげぐん,南種子町,みなみたねちょう,,
46505,46,鹿児島県,熊毛郡,くまげぐん,屋久島町,やくしまちょう,2007-10-01,有
46523,46,鹿児島県,大島郡,おおしまぐん,大和村,やまとそん,2009-10-19,有
46524,46,鹿児島県,大島郡,おおしまぐん,宇検村,うけんそん,,
46525,46,鹿児島県,大島郡,おおしまぐん,瀬戸内町,せとうちちょう,2007-09-14,有
46527,46,鹿児島県,大島郡,おおしまぐん,龍郷町,たつごうちょう,1975-02-10,有
46529,46,鹿児島県,大島郡,おおしまぐん,喜界町,きかいちょう,,
46530,46,鹿児島県,大島郡,おおしまぐん,徳之島町,とくのしまちょう,,
46531,46,鹿児島県,大島郡,おおしまぐん,天城町,あまぎちょう,,
46532,46,鹿児島県,大島郡,おおしまぐん,伊仙町,いせんちょう,,
46533,46,鹿児島県,大島郡,おおしまぐん,和泊町,わどまりちょう,2010-08-31,有
46534,46,鹿児島県,大島郡,おおしまぐん,知名町,ちなちょう,2010-08-31,有
46535,46,鹿児島県,大島郡,おおしまぐん,与論町,よろんちょう,,
47201,47,沖縄県,,,那覇市,なはし,2017-03-09,有
47205,47,沖縄県,,,宜野湾市,ぎのわんし,1978-06-01,有
47207,47,沖縄県,,,石垣市,いしがきし,1972-05-15,
47208,47,沖縄県,,,浦添市,うらそえし,1978-06-01,有
47209,47,沖縄県,,,名護市,なごし,2023-06-30,有
47210,47,沖縄県,,,糸満市,いとまんし,2018-03-28,有
47211,47,沖縄県,,,沖縄市,おきなわし,1983-03-26,有
47212,47,沖縄県,,,豊見城市,とみぐすくし,2018-03-28,有
47213,47,沖縄県,,,うるま市,うるまし,2005-04-01,有
47214,47,沖縄県,,,宮古島市,みやこじまし,2005-10-01,有
47215,47,沖縄県,,,南城市,なんじょうし,2006-01-01,有
47301,47,沖縄県,国頭郡,くにがみぐん,国頭村,くにがみそん,1978-06-01,有
47302,47,沖縄県,国頭郡,くにがみぐん,大宜味村,おおぎみそん,1978-06-01,有
47303,47,沖縄県,国頭郡,くにがみぐん,東村,ひがしそん,1972-05-15,
47306,47,沖縄県,国頭郡,くにがみぐん,今帰仁村,なきじんそん,2023-06-30,有
47308,47,沖縄県,国頭郡,くにがみぐん,本部町,もとぶちょう,1972-05-15,
47311,47,沖縄県,国頭郡,くにがみぐん,恩納村,おんなそん,1982-01-01,有
47313,47,沖縄県,国頭郡,くにがみぐん,宜野座村,ぎのざそん,1992-11-01,有
47314,47,沖縄県,国頭郡,くにがみぐん,金武町,きんちょう,1980-04-01,有
47315,47,沖縄県,国頭郡,くにがみぐん,伊江村,いえそん,1972-05-15,
47324,47,沖縄県,中頭郡,なかがみぐん,読谷村,よみたんそん,1972-05-15,
47325,47,沖縄県,中頭郡,なかがみぐん,嘉手納町,かでなちょう,1976-01-01,有
47326,47,沖縄県,中頭郡,なかがみぐん,北谷町,ちゃたんちょう,1980-04-01,有
47327,47,沖縄県,中頭郡,なかがみぐん,北中城村,きたなかぐすくそん,1980-04-01,有
47328,47,沖縄県,中頭郡,なかがみぐん,中城村,なかぐすくそん,1972-05-15,
47329,47,沖縄県,中頭郡,なかがみぐん,西原町,にしはらちょう,1998-12-21,有
47348,47,沖縄県,島尻郡,しまじりぐん,与那原町,よなばるちょう,1998-12-21,有
47350,47,沖縄県,島尻郡,しまじりぐん,南風原町,はえばるちょう,2007-10-03,有
47353,47,沖縄県,島尻郡,しまじりぐん,渡嘉敷村,とかしきそん,1972-05-15,
47354,47,沖縄県,島尻郡,しまじりぐん,座間味村,ざまみそん,1972-05-15,
47355,47,沖縄県,島尻郡,しまじりぐん,粟国村,あぐにそん,1972-05-15,
47356,47,沖縄県,島尻郡,しまじりぐん,渡名喜村,となきそん,1972-05-15,
47357,47,沖縄県,島尻郡,しまじりぐん,南大東村,みなみだいとうそん,1972-05-15,
47358,47,沖縄県,島尻郡,しまじりぐん,北大東村,きただいとうそん,1972-05-15,
47359,47,沖縄県,島尻郡,しまじりぐん,伊平屋村,いへやそん,1972-06-07,
47360,47,沖縄県,島尻郡,しまじりぐん,伊是名村,いぜなそん,1972-06-07,
47361,47,沖縄県,島尻郡,しまじりぐん,久米島町,くめじまちょう,2002-04-01,有
47362,47,沖縄県,島尻郡,しまじりぐん,八重瀬町,やえせちょう,2007-10-03,有
47375,47,沖縄県,宮古郡,みやこぐん,多良間村,たらまそん,1972-06-07,
47381,47,沖縄県,八重山郡,やえやまぐん,竹富町,たけとみちょう,1972-05-15,
47382,47,沖縄県,八重山郡,やえやまぐん,与那国町,よなぐにちょう,1972-05-15,
